policy_name,working_memory_capacity,total_references,hits,page_faults,hit_ratio,belady_faults,belady_gap_absolute,belady_gap_relative,n_decisions,mean_decision_latency_seconds,total_decision_latency_seconds,horizon,backing_model
BeladyMinPolicy,4,200,147,53,0.735,53,0,0.0,57,3.020000019061722e-05,0.0017214000108651817,25,logistic_regression
BeladyMinPolicy,4,200,147,53,0.735,53,0,0.0,57,2.603333447487992e-05,0.0014839000650681555,25,logistic_regression
BeladyMinPolicy,4,200,149,51,0.745,51,0,0.0,55,2.6405457174405455e-05,0.0014523001445923,25,logistic_regression
BeladyMinPolicy,4,200,148,52,0.74,52,0,0.0,56,2.5653570316665408e-05,0.0014365999377332628,25,logistic_regression
BeladyMinPolicy,4,200,150,50,0.75,50,0,0.0,54,2.59907419267283e-05,0.0014035000640433282,25,logistic_regression
FIFOPolicy,4,200,102,98,0.51,53,45,0.8490566037735849,102,1.6354900949141558e-05,0.001668199896812439,25,logistic_regression
FIFOPolicy,4,200,106,94,0.53,53,41,0.7735849056603774,98,1.66959183917818e-05,0.0016362000023946166,25,logistic_regression
FIFOPolicy,4,200,114,86,0.57,51,35,0.6862745098039216,90,1.7712222567449015e-05,0.0015941000310704112,25,logistic_regression
FIFOPolicy,4,200,107,93,0.535,52,41,0.7884615384615384,97,1.5988659423286307e-05,0.0015508999640587717,25,logistic_regression
FIFOPolicy,4,200,103,97,0.515,50,47,0.94,101,2.131188037058357e-05,0.0021524999174289405,25,logistic_regression
LRUPolicy,4,200,102,98,0.51,53,45,0.8490566037735849,102,1.880686271333081e-05,0.0019182999967597425,25,logistic_regression
LRUPolicy,4,200,107,93,0.535,53,40,0.7547169811320755,97,1.6519586800491995e-05,0.0016023999196477234,25,logistic_regression
LRUPolicy,4,200,106,94,0.53,51,43,0.8431372549019608,98,2.044693825823464e-05,0.0020037999493069947,25,logistic_regression
LRUPolicy,4,200,103,97,0.515,52,45,0.8653846153846154,101,2.28198037118568e-05,0.0023048001748975366,25,logistic_regression
LRUPolicy,4,200,109,91,0.545,50,41,0.82,95,1.628736959231135e-05,0.0015473001112695783,25,logistic_regression
LFUPolicy,4,200,111,89,0.555,53,36,0.6792452830188679,93,2.091612994811067e-05,0.0019452000851742923,25,logistic_regression
LFUPolicy,4,200,107,93,0.535,53,40,0.7547169811320755,97,2.468866086084895e-05,0.002394800103502348,25,logistic_regression
LFUPolicy,4,200,107,93,0.535,51,42,0.8235294117647058,97,2.1004123125974203e-05,0.002037399943219498,25,logistic_regression
LFUPolicy,4,200,108,92,0.54,52,40,0.7692307692307693,96,3.476666612793148e-05,0.0033375999482814223,25,logistic_regression
LFUPolicy,4,200,94,106,0.47,50,56,1.12,110,4.25118177769367e-05,0.004676299955463037,25,logistic_regression
RandomPolicy,4,200,114,86,0.57,53,33,0.6226415094339622,90,1.4558887536016603e-05,0.0013102998782414943,25,logistic_regression
RandomPolicy,4,200,99,101,0.495,53,48,0.9056603773584906,105,1.8379047590618334e-05,0.0019297999970149249,25,logistic_regression
RandomPolicy,4,200,110,90,0.55,51,39,0.7647058823529411,94,1.3797872444674214e-05,0.0012970000097993761,25,logistic_regression
RandomPolicy,4,200,104,96,0.52,52,44,0.8461538461538461,100,1.5596000012010335e-05,0.0015596000012010336,25,logistic_regression
RandomPolicy,4,200,104,96,0.52,50,46,0.92,100,1.3550001021940261e-05,0.0013550001021940261,25,logistic_regression
LearnedUtilityPolicy[logistic_regression],4,200,114,86,0.57,53,33,0.6226415094339622,90,0.0013520211117186893,0.12168190005468205,25,logistic_regression
LearnedUtilityPolicy[logistic_regression],4,200,110,90,0.55,53,37,0.6981132075471698,94,0.001110862766236483,0.1044211000262294,25,logistic_regression
LearnedUtilityPolicy[logistic_regression],4,200,110,90,0.55,51,39,0.7647058823529411,94,0.0011592755317712756,0.10897189998649992,25,logistic_regression
LearnedUtilityPolicy[logistic_regression],4,200,109,91,0.545,52,39,0.75,95,0.0017468084207441855,0.1659467999706976,25,logistic_regression
LearnedUtilityPolicy[logistic_regression],4,200,112,88,0.56,50,38,0.76,92,0.016219077173129492,1.4921550999279134,25,logistic_regression
BeladyMinPolicy,4,200,147,53,0.735,53,0,0.0,57,0.00017017192715827964,0.00969979984802194,25,hist_gradient_boosting
BeladyMinPolicy,4,200,147,53,0.735,53,0,0.0,57,0.00023832280350146457,0.01358439979958348,25,hist_gradient_boosting
BeladyMinPolicy,4,200,149,51,0.745,51,0,0.0,55,2.9912728033113207e-05,0.0016452000418212265,25,hist_gradient_boosting
BeladyMinPolicy,4,200,148,52,0.74,52,0,0.0,56,4.287857154849917e-05,0.0024012000067159534,25,hist_gradient_boosting
BeladyMinPolicy,4,200,150,50,0.75,50,0,0.0,54,0.000545387038275496,0.029450900066876784,25,hist_gradient_boosting
FIFOPolicy,4,200,102,98,0.51,53,45,0.8490566037735849,102,5.486960620984581e-05,0.005596699833404273,25,hist_gradient_boosting
FIFOPolicy,4,200,106,94,0.53,53,41,0.7735849056603774,98,6.97438785098303e-05,0.00683490009396337,25,hist_gradient_boosting
FIFOPolicy,4,200,114,86,0.57,51,35,0.6862745098039216,90,3.702555453249564e-05,0.0033322999079246074,25,hist_gradient_boosting
FIFOPolicy,4,200,107,93,0.535,52,41,0.7884615384615384,97,0.0005105298955219116,0.049521399865625426,25,hist_gradient_boosting
FIFOPolicy,4,200,103,97,0.515,50,47,0.94,101,1.8669306450422005e-05,0.0018855999514926225,25,hist_gradient_boosting
LRUPolicy,4,200,102,98,0.51,53,45,0.8490566037735849,102,2.0403921999055528e-05,0.0020812000439036638,25,hist_gradient_boosting
LRUPolicy,4,200,107,93,0.535,53,40,0.7547169811320755,97,1.8276288906189122e-05,0.001772800023900345,25,hist_gradient_boosting
LRUPolicy,4,200,106,94,0.53,51,43,0.8431372549019608,98,2.064897972206604e-05,0.002023600012762472,25,hist_gradient_boosting
LRUPolicy,4,200,103,97,0.515,52,45,0.8653846153846154,101,2.0786138403570594e-05,0.00209939997876063,25,hist_gradient_boosting
LRUPolicy,4,200,109,91,0.545,50,41,0.82,95,1.857894668845754e-05,0.0017649999354034662,25,hist_gradient_boosting
LFUPolicy,4,200,111,89,0.555,53,36,0.6792452830188679,93,1.9077417222903142e-05,0.001774199801729992,25,hist_gradient_boosting
LFUPolicy,4,200,107,93,0.535,53,40,0.7547169811320755,97,1.9474228971263337e-05,0.0018890002102125436,25,hist_gradient_boosting
LFUPolicy,4,200,107,93,0.535,51,42,0.8235294117647058,97,0.00019909072272508339,0.019311800104333088,25,hist_gradient_boosting
LFUPolicy,4,200,108,92,0.54,52,40,0.7692307692307693,96,5.2829164512028605e-05,0.005071599793154746,25,hist_gradient_boosting
LFUPolicy,4,200,94,106,0.47,50,56,1.12,110,1.9018182171170008e-05,0.0020920000388287008,25,hist_gradient_boosting
RandomPolicy,4,200,114,86,0.57,53,33,0.6226415094339622,90,1.56833360152733e-05,0.001411500241374597,25,hist_gradient_boosting
RandomPolicy,4,200,99,101,0.495,53,48,0.9056603773584906,105,1.5891427894876826e-05,0.0016685999289620668,25,hist_gradient_boosting
RandomPolicy,4,200,110,90,0.55,51,39,0.7647058823529411,94,0.0001440138309609462,0.013537300110328943,25,hist_gradient_boosting
RandomPolicy,4,200,104,96,0.52,52,44,0.8461538461538461,100,1.5123998746275902e-05,0.0015123998746275902,25,hist_gradient_boosting
RandomPolicy,4,200,104,96,0.52,50,46,0.92,100,3.9223998901434245e-05,0.003922399890143424,25,hist_gradient_boosting
LearnedUtilityPolicy[hist_gradient_boosting],4,200,115,85,0.575,53,32,0.6037735849056604,89,0.975544595504585,86.82346899990807,25,hist_gradient_boosting
LearnedUtilityPolicy[hist_gradient_boosting],4,200,103,97,0.515,53,44,0.8301886792452831,101,0.5030711029701184,50.81018139998196,25,hist_gradient_boosting
LearnedUtilityPolicy[hist_gradient_boosting],4,200,101,99,0.505,51,48,0.9411764705882353,103,0.06148159029205257,6.332603800081415,25,hist_gradient_boosting
LearnedUtilityPolicy[hist_gradient_boosting],4,200,102,98,0.51,52,46,0.8846153846153846,102,0.4615665176479881,47.079784800094785,25,hist_gradient_boosting
LearnedUtilityPolicy[hist_gradient_boosting],4,200,105,95,0.525,50,45,0.9,99,0.07634035555494131,7.5576951999391895,25,hist_gradient_boosting
BeladyMinPolicy,4,200,147,53,0.735,53,0,0.0,57,2.215438616347679e-05,0.001262800011318177,50,logistic_regression
BeladyMinPolicy,4,200,147,53,0.735,53,0,0.0,57,2.4061403421096895e-05,0.001371499995002523,50,logistic_regression
BeladyMinPolicy,4,200,149,51,0.745,51,0,0.0,55,0.00012359999818727373,0.006797999900300056,50,logistic_regression
BeladyMinPolicy,4,200,148,52,0.74,52,0,0.0,56,2.515892992960289e-05,0.001408900076057762,50,logistic_regression
BeladyMinPolicy,4,200,150,50,0.75,50,0,0.0,54,2.3155552938718488e-05,0.0012503998586907983,50,logistic_regression
FIFOPolicy,4,200,102,98,0.51,53,45,0.8490566037735849,102,0.00012425980450786358,0.012674500059802085,50,logistic_regression
FIFOPolicy,4,200,106,94,0.53,53,41,0.7735849056603774,98,1.7225510697355683e-05,0.001688100048340857,50,logistic_regression
FIFOPolicy,4,200,114,86,0.57,51,35,0.6862745098039216,90,1.7466666435615886e-05,0.0015719999792054296,50,logistic_regression
FIFOPolicy,4,200,107,93,0.535,52,41,0.7884615384615384,97,1.974020647749151e-05,0.0019148000283166766,50,logistic_regression
FIFOPolicy,4,200,103,97,0.515,50,47,0.94,101,1.69514854194246e-05,0.0017121000273618847,50,logistic_regression
LRUPolicy,4,200,102,98,0.51,53,45,0.8490566037735849,102,0.00014155588139022024,0.014438699901802465,50,logistic_regression
LRUPolicy,4,200,107,93,0.535,53,40,0.7547169811320755,97,1.757938028361226e-05,0.001705199887510389,50,logistic_regression
LRUPolicy,4,200,106,94,0.53,51,43,0.8431372549019608,98,1.62122445062221e-05,0.0015887999616097659,50,logistic_regression
LRUPolicy,4,200,103,97,0.515,52,45,0.8653846153846154,101,3.345544469579685e-05,0.0033789999142754823,50,logistic_regression
LRUPolicy,4,200,109,91,0.545,50,41,0.82,95,1.6992631074237195e-05,0.0016142999520525336,50,logistic_regression
LFUPolicy,4,200,111,89,0.555,53,36,0.6792452830188679,93,0.00019950000037218855,0.018553500034613535,50,logistic_regression
LFUPolicy,4,200,107,93,0.535,53,40,0.7547169811320755,97,3.517010356011541e-05,0.003411500045331195,50,logistic_regression
LFUPolicy,4,200,107,93,0.535,51,42,0.8235294117647058,97,0.00010568865775322715,0.010251799802063033,50,logistic_regression
LFUPolicy,4,200,108,92,0.54,52,40,0.7692307692307693,96,6.35354178181539e-05,0.006099400110542774,50,logistic_regression
LFUPolicy,4,200,94,106,0.47,50,56,1.12,110,3.16318177448755e-05,0.0034794999519363046,50,logistic_regression
RandomPolicy,4,200,114,86,0.57,53,33,0.6226415094339622,90,1.4994444467851684e-05,0.0013495000021066517,50,logistic_regression
RandomPolicy,4,200,99,101,0.495,53,48,0.9056603773584906,105,7.14980938937515e-05,0.007507299858843908,50,logistic_regression
RandomPolicy,4,200,110,90,0.55,51,39,0.7647058823529411,94,3.273085136204324e-05,0.0030767000280320644,50,logistic_regression
RandomPolicy,4,200,104,96,0.52,52,44,0.8461538461538461,100,1.749300048686564e-05,0.001749300048686564,50,logistic_regression
RandomPolicy,4,200,104,96,0.52,50,46,0.92,100,1.5229000418912619e-05,0.001522900041891262,50,logistic_regression
LearnedUtilityPolicy[logistic_regression],4,200,111,89,0.555,53,36,0.6792452830188679,93,0.004302311828234783,0.4001150000258349,50,logistic_regression
LearnedUtilityPolicy[logistic_regression],4,200,113,87,0.565,53,34,0.6415094339622641,91,0.0034739725268701765,0.3161314999451861,50,logistic_regression
LearnedUtilityPolicy[logistic_regression],4,200,99,101,0.495,51,50,0.9803921568627451,105,0.0018056819040793925,0.18959659992833622,50,logistic_regression
LearnedUtilityPolicy[logistic_regression],4,200,106,94,0.53,52,42,0.8076923076923077,98,0.001302463265031348,0.1276413999730721,50,logistic_regression
LearnedUtilityPolicy[logistic_regression],4,200,119,81,0.595,50,31,0.62,85,0.0016009317618548213,0.1360791997576598,50,logistic_regression
BeladyMinPolicy,4,200,147,53,0.735,53,0,0.0,57,2.370701526830855e-05,0.0013512998702935874,50,hist_gradient_boosting
BeladyMinPolicy,4,200,147,53,0.735,53,0,0.0,57,0.00041645438524714687,0.023737899959087372,50,hist_gradient_boosting
BeladyMinPolicy,4,200,149,51,0.745,51,0,0.0,55,0.00015279636030424048,0.008403799816733226,50,hist_gradient_boosting
BeladyMinPolicy,4,200,148,52,0.74,52,0,0.0,56,2.5453570872611764e-05,0.0014253999688662589,50,hist_gradient_boosting
BeladyMinPolicy,4,200,150,50,0.75,50,0,0.0,54,2.9509255977313e-05,0.001593499822774902,50,hist_gradient_boosting
FIFOPolicy,4,200,102,98,0.51,53,45,0.8490566037735849,102,8.239999998990884e-05,0.008404799998970702,50,hist_gradient_boosting
FIFOPolicy,4,200,106,94,0.53,53,41,0.7735849056603774,98,1.726224418606001e-05,0.0016916999302338809,50,hist_gradient_boosting
FIFOPolicy,4,200,114,86,0.57,51,35,0.6862745098039216,90,2.0733334369853968e-05,0.001866000093286857,50,hist_gradient_boosting
FIFOPolicy,4,200,107,93,0.535,52,41,0.7884615384615384,97,1.8252575885235648e-05,0.001770499860867858,50,hist_gradient_boosting
FIFOPolicy,4,200,103,97,0.515,50,47,0.94,101,1.760098926427931e-05,0.0017776999156922102,50,hist_gradient_boosting
LRUPolicy,4,200,102,98,0.51,53,45,0.8490566037735849,102,2.0112745308627684e-05,0.002051500021480024,50,hist_gradient_boosting
LRUPolicy,4,200,107,93,0.535,53,40,0.7547169811320755,97,0.0006209948446995281,0.060236499935854226,50,hist_gradient_boosting
LRUPolicy,4,200,106,94,0.53,51,43,0.8431372549019608,98,1.668775654920586e-05,0.0016354001418221742,50,hist_gradient_boosting
LRUPolicy,4,200,103,97,0.515,52,45,0.8653846153846154,101,0.0002566821793080446,0.025924900110112503,50,hist_gradient_boosting
LRUPolicy,4,200,109,91,0.545,50,41,0.82,95,2.2788420564642078e-05,0.0021648999536409974,50,hist_gradient_boosting
LFUPolicy,4,200,111,89,0.555,53,36,0.6792452830188679,93,7.657956999165797e-05,0.007121900009224191,50,hist_gradient_boosting
LFUPolicy,4,200,107,93,0.535,53,40,0.7547169811320755,97,3.763711135162367e-05,0.003650799801107496,50,hist_gradient_boosting
LFUPolicy,4,200,107,93,0.535,51,42,0.8235294117647058,97,7.515567200037545e-05,0.007290100184036419,50,hist_gradient_boosting
LFUPolicy,4,200,108,92,0.54,52,40,0.7692307692307693,96,0.00019218124816688942,0.018449399824021384,50,hist_gradient_boosting
LFUPolicy,4,200,94,106,0.47,50,56,1.12,110,1.9226362928748132e-05,0.0021148999221622944,50,hist_gradient_boosting
RandomPolicy,4,200,114,86,0.57,53,33,0.6226415094339622,90,2.2013331504745615e-05,0.0019811998354271054,50,hist_gradient_boosting
RandomPolicy,4,200,99,101,0.495,53,48,0.9056603773584906,105,6.325333240619373e-05,0.006641599902650341,50,hist_gradient_boosting
RandomPolicy,4,200,110,90,0.55,51,39,0.7647058823529411,94,1.411170462156309e-05,0.0013265002344269305,50,hist_gradient_boosting
RandomPolicy,4,200,104,96,0.52,52,44,0.8461538461538461,100,1.5478999412152916e-05,0.0015478999412152916,50,hist_gradient_boosting
RandomPolicy,4,200,104,96,0.52,50,46,0.92,100,3.828600165434182e-05,0.0038286001654341817,50,hist_gradient_boosting
LearnedUtilityPolicy[hist_gradient_boosting],4,200,111,89,0.555,53,36,0.6792452830188679,93,3.2223356494630604,299.6772154000646,50,hist_gradient_boosting
LearnedUtilityPolicy[hist_gradient_boosting],4,200,102,98,0.51,53,45,0.8490566037735849,102,0.15086576372513996,15.388307899964275,50,hist_gradient_boosting
LearnedUtilityPolicy[hist_gradient_boosting],4,200,96,104,0.48,51,53,1.0392156862745099,108,0.10565086296237833,11.41029319993686,50,hist_gradient_boosting
LearnedUtilityPolicy[hist_gradient_boosting],4,200,110,90,0.55,52,38,0.7307692307692307,94,0.06945870851105862,6.52911860003951,50,hist_gradient_boosting
LearnedUtilityPolicy[hist_gradient_boosting],4,200,118,82,0.59,50,32,0.64,86,0.06876511627985543,5.9138000000675675,50,hist_gradient_boosting
BeladyMinPolicy,4,200,147,53,0.735,53,0,0.0,57,2.4001752822904993e-05,0.0013680999109055847,100,logistic_regression
BeladyMinPolicy,4,200,147,53,0.735,53,0,0.0,57,0.00014713684172500252,0.008386799978325143,100,logistic_regression
BeladyMinPolicy,4,200,149,51,0.745,51,0,0.0,55,3.086545673960989e-05,0.001697600120678544,100,logistic_regression
BeladyMinPolicy,4,200,148,52,0.74,52,0,0.0,56,2.4771428538120483e-05,0.0013871999981347471,100,logistic_regression
BeladyMinPolicy,4,200,150,50,0.75,50,0,0.0,54,2.3622222080895745e-05,0.0012755999923683703,100,logistic_regression
FIFOPolicy,4,200,102,98,0.51,53,45,0.8490566037735849,102,2.110392162256746e-05,0.0021526000055018812,100,logistic_regression
FIFOPolicy,4,200,106,94,0.53,53,41,0.7735849056603774,98,2.178571445924439e-05,0.00213500001700595,100,logistic_regression
FIFOPolicy,4,200,114,86,0.57,51,35,0.6862745098039216,90,1.79844436287466e-05,0.0016185999265871942,100,logistic_regression
FIFOPolicy,4,200,107,93,0.535,52,41,0.7884615384615384,97,2.2280411602756412e-05,0.002161199925467372,100,logistic_regression
FIFOPolicy,4,200,103,97,0.515,50,47,0.94,101,1.5481187567797184e-05,0.0015635999443475157,100,logistic_regression
LRUPolicy,4,200,102,98,0.51,53,45,0.8490566037735849,102,1.6971569172764086e-05,0.001731100055621937,100,logistic_regression
LRUPolicy,4,200,107,93,0.535,53,40,0.7547169811320755,97,0.0001088546402392352,0.010558900103205815,100,logistic_regression
LRUPolicy,4,200,106,94,0.53,51,43,0.8431372549019608,98,1.6758163466726488e-05,0.0016423000197391957,100,logistic_regression
LRUPolicy,4,200,103,97,0.515,52,45,0.8653846153846154,101,1.786831716804e-05,0.0018047000339720398,100,logistic_regression
LRUPolicy,4,200,109,91,0.545,50,41,0.82,95,2.126631474024371e-05,0.0020202999003231525,100,logistic_regression
LFUPolicy,4,200,111,89,0.555,53,36,0.6792452830188679,93,0.00011524193518374475,0.010717499972088262,100,logistic_regression
LFUPolicy,4,200,107,93,0.535,53,40,0.7547169811320755,97,0.0005697484557833715,0.05526560021098703,100,logistic_regression
LFUPolicy,4,200,107,93,0.535,51,42,0.8235294117647058,97,2.714639203142874e-05,0.002633200027048588,100,logistic_regression
LFUPolicy,4,200,108,92,0.54,52,40,0.7692307692307693,96,1.8901040675700642e-05,0.0018144999048672616,100,logistic_regression
LFUPolicy,4,200,94,106,0.47,50,56,1.12,110,3.0474545995027503e-05,0.0033522000594530255,100,logistic_regression
RandomPolicy,4,200,114,86,0.57,53,33,0.6226415094339622,90,1.6901109484024345e-05,0.0015210998535621911,100,logistic_regression
RandomPolicy,4,200,99,101,0.495,53,48,0.9056603773584906,105,1.5766666426012913e-05,0.001655499974731356,100,logistic_regression
RandomPolicy,4,200,110,90,0.55,51,39,0.7647058823529411,94,1.8806384685647454e-05,0.0017678001604508609,100,logistic_regression
RandomPolicy,4,200,104,96,0.52,52,44,0.8461538461538461,100,1.3841000909451395e-05,0.0013841000909451395,100,logistic_regression
RandomPolicy,4,200,104,96,0.52,50,46,0.92,100,6.128399982117117e-05,0.0061283999821171165,100,logistic_regression
LearnedUtilityPolicy[logistic_regression],4,200,115,85,0.575,53,32,0.6037735849056604,89,0.006282967416532966,0.5591841000714339,100,logistic_regression
LearnedUtilityPolicy[logistic_regression],4,200,104,96,0.52,53,43,0.8113207547169812,100,0.00677570999978343,0.677570999978343,100,logistic_regression
LearnedUtilityPolicy[logistic_regression],4,200,88,112,0.44,51,61,1.196078431372549,116,0.0018415905167408898,0.2136244999419432,100,logistic_regression
LearnedUtilityPolicy[logistic_regression],4,200,97,103,0.485,52,51,0.9807692307692307,107,0.001809165419991102,0.19358069993904792,100,logistic_regression
LearnedUtilityPolicy[logistic_regression],4,200,120,80,0.6,50,30,0.6,84,0.0012552047607771652,0.10543719990528189,100,logistic_regression
BeladyMinPolicy,4,200,147,53,0.735,53,0,0.0,57,2.3677194564554254e-05,0.0013496000901795924,100,hist_gradient_boosting
BeladyMinPolicy,4,200,147,53,0.735,53,0,0.0,57,2.4557895366135135e-05,0.0013998000358697027,100,hist_gradient_boosting
BeladyMinPolicy,4,200,149,51,0.745,51,0,0.0,55,4.449999806555835e-05,0.002447499893605709,100,hist_gradient_boosting
BeladyMinPolicy,4,200,148,52,0.74,52,0,0.0,56,2.6848214994450765e-05,0.0015035000396892428,100,hist_gradient_boosting
BeladyMinPolicy,4,200,150,50,0.75,50,0,0.0,54,0.00010561666729497827,0.0057033000339288265,100,hist_gradient_boosting
FIFOPolicy,4,200,102,98,0.51,53,45,0.8490566037735849,102,1.6068627683482335e-05,0.001639000023715198,100,hist_gradient_boosting
FIFOPolicy,4,200,106,94,0.53,53,41,0.7735849056603774,98,6.30959177066629e-05,0.0061833999352529645,100,hist_gradient_boosting
FIFOPolicy,4,200,114,86,0.57,51,35,0.6862745098039216,90,5.545222342738675e-05,0.004990700108464807,100,hist_gradient_boosting
FIFOPolicy,4,200,107,93,0.535,52,41,0.7884615384615384,97,1.6659794053658076e-05,0.0016160000232048333,100,hist_gradient_boosting
FIFOPolicy,4,200,103,97,0.515,50,47,0.94,101,1.65990089287631e-05,0.001676499901805073,100,hist_gradient_boosting
LRUPolicy,4,200,102,98,0.51,53,45,0.8490566037735849,102,2.155882476454637e-05,0.00219900012598373,100,hist_gradient_boosting
LRUPolicy,4,200,107,93,0.535,53,40,0.7547169811320755,97,1.8553608805229215e-05,0.0017997000541072339,100,hist_gradient_boosting
LRUPolicy,4,200,106,94,0.53,51,43,0.8431372549019608,98,1.6689796490138586e-05,0.0016356000560335815,100,hist_gradient_boosting
LRUPolicy,4,200,103,97,0.515,52,45,0.8653846153846154,101,1.9052474515162186e-05,0.001924299926031381,100,hist_gradient_boosting
LRUPolicy,4,200,109,91,0.545,50,41,0.82,95,1.6474736376518483e-05,0.0015650999557692558,100,hist_gradient_boosting
LFUPolicy,4,200,111,89,0.555,53,36,0.6792452830188679,93,2.296344234397815e-05,0.002135600137989968,100,hist_gradient_boosting
LFUPolicy,4,200,107,93,0.535,53,40,0.7547169811320755,97,2.3117524178064976e-05,0.0022423998452723026,100,hist_gradient_boosting
LFUPolicy,4,200,107,93,0.535,51,42,0.8235294117647058,97,1.9361855781435506e-05,0.001878100010799244,100,hist_gradient_boosting
LFUPolicy,4,200,108,92,0.54,52,40,0.7692307692307693,96,1.86374963959679e-05,0.0017891996540129185,100,hist_gradient_boosting
LFUPolicy,4,200,94,106,0.47,50,56,1.12,110,1.8181818251667375e-05,0.0020000000076834112,100,hist_gradient_boosting
RandomPolicy,4,200,114,86,0.57,53,33,0.6226415094339622,90,1.63188867089856e-05,0.001468699803808704,100,hist_gradient_boosting
RandomPolicy,4,200,99,101,0.495,53,48,0.9056603773584906,105,5.528952599325705e-05,0.00580540022929199,100,hist_gradient_boosting
RandomPolicy,4,200,110,90,0.55,51,39,0.7647058823529411,94,1.3509575782858945e-05,0.0012699001235887408,100,hist_gradient_boosting
RandomPolicy,4,200,104,96,0.52,52,44,0.8461538461538461,100,1.3545999536290765e-05,0.0013545999536290765,100,hist_gradient_boosting
RandomPolicy,4,200,104,96,0.52,50,46,0.92,100,1.356199849396944e-05,0.001356199849396944,100,hist_gradient_boosting
LearnedUtilityPolicy[hist_gradient_boosting],4,200,108,92,0.54,53,39,0.7358490566037735,96,0.04403445729015706,4.227307899855077,100,hist_gradient_boosting
LearnedUtilityPolicy[hist_gradient_boosting],4,200,97,103,0.485,53,50,0.9433962264150944,107,0.026216569158877465,2.8051728999998886,100,hist_gradient_boosting
LearnedUtilityPolicy[hist_gradient_boosting],4,200,109,91,0.545,51,40,0.7843137254901961,95,0.02625783052675328,2.4944939000415616,100,hist_gradient_boosting
LearnedUtilityPolicy[hist_gradient_boosting],4,200,104,96,0.52,52,44,0.8461538461538461,100,0.031705945999128744,3.1705945999128744,100,hist_gradient_boosting
LearnedUtilityPolicy[hist_gradient_boosting],4,200,108,92,0.54,50,42,0.84,96,0.024416191664689297,2.3439543998101726,100,hist_gradient_boosting
BeladyMinPolicy,4,200,147,53,0.735,53,0,0.0,57,2.4624563561621726e-05,0.0014036001230124384,200,logistic_regression
BeladyMinPolicy,4,200,147,53,0.735,53,0,0.0,57,2.3747365942159504e-05,0.0013535998587030917,200,logistic_regression
BeladyMinPolicy,4,200,149,51,0.745,51,0,0.0,55,2.7529089923270724e-05,0.0015140999457798898,200,logistic_regression
BeladyMinPolicy,4,200,148,52,0.74,52,0,0.0,56,3.6626785004045814e-05,0.0020510999602265656,200,logistic_regression
BeladyMinPolicy,4,200,150,50,0.75,50,0,0.0,54,2.3696296180046544e-05,0.0012795999937225133,200,logistic_regression
FIFOPolicy,4,200,102,98,0.51,53,45,0.8490566037735849,102,1.5422551465841632e-05,0.0015731002495158464,200,logistic_regression
FIFOPolicy,4,200,106,94,0.53,53,41,0.7735849056603774,98,1.5629591166079806e-05,0.0015316999342758209,200,logistic_regression
FIFOPolicy,4,200,114,86,0.57,51,35,0.6862745098039216,90,1.6184444151197872e-05,0.0014565999736078084,200,logistic_regression
FIFOPolicy,4,200,107,93,0.535,52,41,0.7884615384615384,97,1.6127835440727852e-05,0.0015644000377506018,200,logistic_regression
FIFOPolicy,4,200,103,97,0.515,50,47,0.94,101,1.5980198386927494e-05,0.001614000037079677,200,logistic_regression
LRUPolicy,4,200,102,98,0.51,53,45,0.8490566037735849,102,1.7547060326928748e-05,0.0017898001533467323,200,logistic_regression
LRUPolicy,4,200,107,93,0.535,53,40,0.7547169811320755,97,1.5705153610096458e-05,0.0015233999001793563,200,logistic_regression
LRUPolicy,4,200,106,94,0.53,51,43,0.8431372549019608,98,1.5887754615301228e-05,0.0015569999522995204,200,logistic_regression
LRUPolicy,4,200,103,97,0.515,52,45,0.8653846153846154,101,1.636633734762816e-05,0.0016530000721104443,200,logistic_regression
LRUPolicy,4,200,109,91,0.545,50,41,0.82,95,7.75589454477947e-05,0.007368099817540497,200,logistic_regression
LFUPolicy,4,200,111,89,0.555,53,36,0.6792452830188679,93,1.8603224132049788e-05,0.0017300998442806304,200,logistic_regression
LFUPolicy,4,200,107,93,0.535,53,40,0.7547169811320755,97,2.8171134001296975e-05,0.0027325999981258065,200,logistic_regression
LFUPolicy,4,200,107,93,0.535,51,42,0.8235294117647058,97,1.816804305957534e-05,0.0017623001767788082,200,logistic_regression
LFUPolicy,4,200,108,92,0.54,52,40,0.7692307692307693,96,1.8638539283225935e-05,0.0017892997711896896,200,logistic_regression
LFUPolicy,4,200,94,106,0.47,50,56,1.12,110,1.8850907641039652e-05,0.002073599840514362,200,logistic_regression
RandomPolicy,4,200,114,86,0.57,53,33,0.6226415094339622,90,1.4541109622870055e-05,0.001308699866058305,200,logistic_regression
RandomPolicy,4,200,99,101,0.495,53,48,0.9056603773584906,105,1.4056191070093995e-05,0.0014759000623598695,200,logistic_regression
RandomPolicy,4,200,110,90,0.55,51,39,0.7647058823529411,94,1.3885107151470444e-05,0.0013052000722382218,200,logistic_regression
RandomPolicy,4,200,104,96,0.52,52,44,0.8461538461538461,100,1.7000004299916326e-05,0.0017000004299916327,200,logistic_regression
RandomPolicy,4,200,104,96,0.52,50,46,0.92,100,1.566399820148945e-05,0.0015663998201489449,200,logistic_regression
LearnedUtilityPolicy[logistic_regression],4,200,115,85,0.575,53,32,0.6037735849056604,89,0.0025613516843171393,0.2279602999042254,200,logistic_regression
LearnedUtilityPolicy[logistic_regression],4,200,104,96,0.52,53,43,0.8113207547169812,100,0.001258733999566175,0.1258733999566175,200,logistic_regression
LearnedUtilityPolicy[logistic_regression],4,200,88,112,0.44,51,61,1.196078431372549,116,0.0014329818970571946,0.16622590005863458,200,logistic_regression
LearnedUtilityPolicy[logistic_regression],4,200,97,103,0.485,52,51,0.9807692307692307,107,0.001286253269716105,0.13762909985962324,200,logistic_regression
LearnedUtilityPolicy[logistic_regression],4,200,120,80,0.6,50,30,0.6,84,0.001378992856189143,0.115835399919888,200,logistic_regression
BeladyMinPolicy,4,200,147,53,0.735,53,0,0.0,57,2.2936841113525525e-05,0.001307399943470955,200,hist_gradient_boosting
BeladyMinPolicy,4,200,147,53,0.735,53,0,0.0,57,2.234035249178608e-05,0.0012734000920318067,200,hist_gradient_boosting
BeladyMinPolicy,4,200,149,51,0.745,51,0,0.0,55,2.9710911489515143e-05,0.0016341001319233328,200,hist_gradient_boosting
BeladyMinPolicy,4,200,148,52,0.74,52,0,0.0,56,0.0004472517872013019,0.025046100083272904,200,hist_gradient_boosting
BeladyMinPolicy,4,200,150,50,0.75,50,0,0.0,54,0.00019731111253215068,0.010654800076736137,200,hist_gradient_boosting
FIFOPolicy,4,200,102,98,0.51,53,45,0.8490566037735849,102,1.572451055479035e-05,0.0016039000765886158,200,hist_gradient_boosting
FIFOPolicy,4,200,106,94,0.53,53,41,0.7735849056603774,98,1.627448898721106e-05,0.001594899920746684,200,hist_gradient_boosting
FIFOPolicy,4,200,114,86,0.57,51,35,0.6862745098039216,90,3.401111138777601e-05,0.0030610000248998404,200,hist_gradient_boosting
FIFOPolicy,4,200,107,93,0.535,52,41,0.7884615384615384,97,1.882268001863099e-05,0.0018257999618072063,200,hist_gradient_boosting
FIFOPolicy,4,200,103,97,0.515,50,47,0.94,101,7.53673266084625e-05,0.007612099987454712,200,hist_gradient_boosting
LRUPolicy,4,200,102,98,0.51,53,45,0.8490566037735849,102,1.613333206121609e-05,0.001645599870244041,200,hist_gradient_boosting
LRUPolicy,4,200,107,93,0.535,53,40,0.7547169811320755,97,1.6501032358477104e-05,0.001600600138772279,200,hist_gradient_boosting
LRUPolicy,4,200,106,94,0.53,51,43,0.8431372549019608,98,1.7839794258625076e-05,0.0017482998373452574,200,hist_gradient_boosting
LRUPolicy,4,200,103,97,0.515,52,45,0.8653846153846154,101,1.7959405817921356e-05,0.001813899987610057,200,hist_gradient_boosting
LRUPolicy,4,200,109,91,0.545,50,41,0.82,95,2.0944211313402965e-05,0.001989700074773282,200,hist_gradient_boosting
LFUPolicy,4,200,111,89,0.555,53,36,0.6792452830188679,93,1.9922582132201042e-05,0.0018528001382946968,200,hist_gradient_boosting
LFUPolicy,4,200,107,93,0.535,53,40,0.7547169811320755,97,1.999896863408233e-05,0.001939899957505986,200,hist_gradient_boosting
LFUPolicy,4,200,107,93,0.535,51,42,0.8235294117647058,97,0.001000149484865425,0.09701450003194623,200,hist_gradient_boosting
LFUPolicy,4,200,108,92,0.54,52,40,0.7692307692307693,96,0.00014663749880128307,0.014077199884923175,200,hist_gradient_boosting
LFUPolicy,4,200,94,106,0.47,50,56,1.12,110,1.8720907444896346e-05,0.002059299818938598,200,hist_gradient_boosting
RandomPolicy,4,200,114,86,0.57,53,33,0.6226415094339622,90,1.4488888943257432e-05,0.0013040000048931688,200,hist_gradient_boosting
RandomPolicy,4,200,99,101,0.495,53,48,0.9056603773584906,105,1.696857119289537e-05,0.0017816999752540141,200,hist_gradient_boosting
RandomPolicy,4,200,110,90,0.55,51,39,0.7647058823529411,94,1.9151064445898728e-05,0.0018002000579144806,200,hist_gradient_boosting
RandomPolicy,4,200,104,96,0.52,52,44,0.8461538461538461,100,0.0003139649998047389,0.03139649998047389,200,hist_gradient_boosting
RandomPolicy,4,200,104,96,0.52,50,46,0.92,100,1.4946999144740402e-05,0.0014946999144740403,200,hist_gradient_boosting
LearnedUtilityPolicy[hist_gradient_boosting],4,200,108,92,0.54,53,39,0.7358490566037735,96,0.026141031249911368,2.5095389999914914,200,hist_gradient_boosting
LearnedUtilityPolicy[hist_gradient_boosting],4,200,97,103,0.485,53,50,0.9433962264150944,107,0.029875856074863594,3.1967166000104044,200,hist_gradient_boosting
LearnedUtilityPolicy[hist_gradient_boosting],4,200,109,91,0.545,51,40,0.7843137254901961,95,0.6981507684223623,66.32432300012442,200,hist_gradient_boosting
LearnedUtilityPolicy[hist_gradient_boosting],4,200,104,96,0.52,52,44,0.8461538461538461,100,0.05433493299729889,5.433493299729889,200,hist_gradient_boosting
LearnedUtilityPolicy[hist_gradient_boosting],4,200,108,92,0.54,50,42,0.84,96,0.040981454167498065,3.934219600079814,200,hist_gradient_boosting
BeladyMinPolicy,4,200,147,53,0.735,53,0,0.0,57,2.3771930085658505e-05,0.0013550000148825347,500,logistic_regression
BeladyMinPolicy,4,200,147,53,0.735,53,0,0.0,57,2.3017543993007978e-05,0.0013120000076014549,500,logistic_regression
BeladyMinPolicy,4,200,149,51,0.745,51,0,0.0,55,2.6385453847152265e-05,0.0014511999615933746,500,logistic_regression
BeladyMinPolicy,4,200,148,52,0.74,52,0,0.0,56,0.0003985232147637622,0.02231730002677068,500,logistic_regression
BeladyMinPolicy,4,200,150,50,0.75,50,0,0.0,54,5.8811112669193084e-05,0.0031758000841364264,500,logistic_regression
FIFOPolicy,4,200,102,98,0.51,53,45,0.8490566037735849,102,1.601960855837473e-05,0.0016340000729542226,500,logistic_regression
FIFOPolicy,4,200,106,94,0.53,53,41,0.7735849056603774,98,1.7800001600966314e-05,0.0017444001568946987,500,logistic_regression
FIFOPolicy,4,200,114,86,0.57,51,35,0.6862745098039216,90,2.537222074655195e-05,0.0022834998671896756,500,logistic_regression
FIFOPolicy,4,200,107,93,0.535,52,41,0.7884615384615384,97,1.610103141295618e-05,0.0015618000470567495,500,logistic_regression
FIFOPolicy,4,200,103,97,0.515,50,47,0.94,101,0.00017083267160313258,0.017254099831916392,500,logistic_regression
LRUPolicy,4,200,102,98,0.51,53,45,0.8490566037735849,102,1.879901951635439e-05,0.0019174999906681478,500,logistic_regression
LRUPolicy,4,200,107,93,0.535,53,40,0.7547169811320755,97,6.927216525151173e-05,0.006719400029396638,500,logistic_regression
LRUPolicy,4,200,106,94,0.53,51,43,0.8431372549019608,98,0.00014007244881584631,0.01372709998395294,500,logistic_regression
LRUPolicy,4,200,103,97,0.515,52,45,0.8653846153846154,101,0.00013717426053976806,0.013854600314516574,500,logistic_regression
LRUPolicy,4,200,109,91,0.545,50,41,0.82,95,0.00011029263106664937,0.01047779995133169,500,logistic_regression
LFUPolicy,4,200,111,89,0.555,53,36,0.6792452830188679,93,7.178387304227198e-05,0.0066759001929312944,500,logistic_regression
LFUPolicy,4,200,107,93,0.535,53,40,0.7547169811320755,97,7.204948678449488e-05,0.006988800218096003,500,logistic_regression
LFUPolicy,4,200,107,93,0.535,51,42,0.8235294117647058,97,1.8870103960261515e-05,0.0018304000841453671,500,logistic_regression
LFUPolicy,4,200,108,92,0.54,52,40,0.7692307692307693,96,8.933229401009157e-05,0.008575900224968791,500,logistic_regression
LFUPolicy,4,200,94,106,0.47,50,56,1.12,110,8.475091043775054e-05,0.00932260014815256,500,logistic_regression
RandomPolicy,4,200,114,86,0.57,53,33,0.6226415094339622,90,1.5161111756848792e-05,0.0013645000581163913,500,logistic_regression
RandomPolicy,4,200,99,101,0.495,53,48,0.9056603773584906,105,1.554095208467472e-05,0.0016317999688908458,500,logistic_regression
RandomPolicy,4,200,110,90,0.55,51,39,0.7647058823529411,94,1.8952127999348683e-05,0.0017815000319387764,500,logistic_regression
RandomPolicy,4,200,104,96,0.52,52,44,0.8461538461538461,100,1.9851000397466125e-05,0.0019851000397466123,500,logistic_regression
RandomPolicy,4,200,104,96,0.52,50,46,0.92,100,1.5721000090707092e-05,0.0015721000090707093,500,logistic_regression
LearnedUtilityPolicy[logistic_regression],4,200,115,85,0.575,53,32,0.6037735849056604,89,0.0021233988770158188,0.18898250005440786,500,logistic_regression
LearnedUtilityPolicy[logistic_regression],4,200,104,96,0.52,53,43,0.8113207547169812,100,0.004761757000233046,0.47617570002330467,500,logistic_regression
LearnedUtilityPolicy[logistic_regression],4,200,88,112,0.44,51,61,1.196078431372549,116,0.0022891827596548207,0.2655452001199592,500,logistic_regression
LearnedUtilityPolicy[logistic_regression],4,200,97,103,0.485,52,51,0.9807692307692307,107,0.0026532971962772867,0.2839028000016697,500,logistic_regression
LearnedUtilityPolicy[logistic_regression],4,200,120,80,0.6,50,30,0.6,84,0.0020980285695432464,0.1762343998416327,500,logistic_regression
BeladyMinPolicy,4,200,147,53,0.735,53,0,0.0,57,2.3864913249813152e-05,0.0013603000552393496,500,hist_gradient_boosting
BeladyMinPolicy,4,200,147,53,0.735,53,0,0.0,57,2.4603507706176554e-05,0.0014023999392520636,500,hist_gradient_boosting
BeladyMinPolicy,4,200,149,51,0.745,51,0,0.0,55,0.0007891509105155075,0.04340330007835291,500,hist_gradient_boosting
BeladyMinPolicy,4,200,148,52,0.74,52,0,0.0,56,2.918035482122962e-05,0.0016340998699888587,500,hist_gradient_boosting
BeladyMinPolicy,4,200,150,50,0.75,50,0,0.0,54,3.135370314811115e-05,0.001693099969998002,500,hist_gradient_boosting
FIFOPolicy,4,200,102,98,0.51,53,45,0.8490566037735849,102,0.00010674509651246754,0.01088799984427169,500,hist_gradient_boosting
FIFOPolicy,4,200,106,94,0.53,53,41,0.7735849056603774,98,1.7638775289571863e-05,0.0017285999783780426,500,hist_gradient_boosting
FIFOPolicy,4,200,114,86,0.57,51,35,0.6862745098039216,90,2.5604444737028743e-05,0.002304400026332587,500,hist_gradient_boosting
FIFOPolicy,4,200,107,93,0.535,52,41,0.7884615384615384,97,1.9547422404506617e-05,0.001896099973237142,500,hist_gradient_boosting
FIFOPolicy,4,200,103,97,0.515,50,47,0.94,101,9.044851430018645e-05,0.009135299944318831,500,hist_gradient_boosting
LRUPolicy,4,200,102,98,0.51,53,45,0.8490566037735849,102,0.00023955686643317925,0.024434800376184285,500,hist_gradient_boosting
LRUPolicy,4,200,107,93,0.535,53,40,0.7547169811320755,97,0.0003981082454160547,0.03861649980535731,500,hist_gradient_boosting
LRUPolicy,4,200,106,94,0.53,51,43,0.8431372549019608,98,1.836428715733393e-05,0.0017997001414187253,500,hist_gradient_boosting
LRUPolicy,4,200,103,97,0.515,52,45,0.8653846153846154,101,0.00011950693039066794,0.012070199969457462,500,hist_gradient_boosting
LRUPolicy,4,200,109,91,0.545,50,41,0.82,95,7.897052595293836e-05,0.007502199965529144,500,hist_gradient_boosting
LFUPolicy,4,200,111,89,0.555,53,36,0.6792452830188679,93,1.8546236954349024e-05,0.0017248000367544591,500,hist_gradient_boosting
LFUPolicy,4,200,107,93,0.535,53,40,0.7547169811320755,97,2.9061857632543777e-05,0.0028190001903567463,500,hist_gradient_boosting
LFUPolicy,4,200,107,93,0.535,51,42,0.8235294117647058,97,0.0002979556690858312,0.028901699901325628,500,hist_gradient_boosting
LFUPolicy,4,200,108,92,0.54,52,40,0.7692307692307693,96,2.1014582974506386e-05,0.002017399965552613,500,hist_gradient_boosting
LFUPolicy,4,200,94,106,0.47,50,56,1.12,110,2.45872699782591e-05,0.0027045996976085007,500,hist_gradient_boosting
RandomPolicy,4,200,114,86,0.57,53,33,0.6226415094339622,90,0.0009107477785113992,0.08196730006602593,500,hist_gradient_boosting
RandomPolicy,4,200,99,101,0.495,53,48,0.9056603773584906,105,0.00013955619069747627,0.014653400023235008,500,hist_gradient_boosting
RandomPolicy,4,200,110,90,0.55,51,39,0.7647058823529411,94,1.4981913486832475e-05,0.0014082998677622527,500,hist_gradient_boosting
RandomPolicy,4,200,104,96,0.52,52,44,0.8461538461538461,100,1.408200099831447e-05,0.001408200099831447,500,hist_gradient_boosting
RandomPolicy,4,200,104,96,0.52,50,46,0.92,100,1.5803000424057244e-05,0.0015803000424057245,500,hist_gradient_boosting
LearnedUtilityPolicy[hist_gradient_boosting],4,200,108,92,0.54,53,39,0.7358490566037735,96,1.2088264197909666,116.0473362999328,500,hist_gradient_boosting
LearnedUtilityPolicy[hist_gradient_boosting],4,200,97,103,0.485,53,50,0.9433962264150944,107,0.14915478878456526,15.959562399948481,500,hist_gradient_boosting
LearnedUtilityPolicy[hist_gradient_boosting],4,200,109,91,0.545,51,40,0.7843137254901961,95,0.3136088073676403,29.79283669992583,500,hist_gradient_boosting
LearnedUtilityPolicy[hist_gradient_boosting],4,200,104,96,0.52,52,44,0.8461538461538461,100,6.296139497999684,629.6139497999684,500,hist_gradient_boosting
LearnedUtilityPolicy[hist_gradient_boosting],4,200,108,92,0.54,50,42,0.84,96,9.603155739584812,921.9029510001419,500,hist_gradient_boosting
