protocol,family_or_held_out,horizon,flags,policy,n_episodes,mean_page_faults,std_page_faults,mean_hit_ratio
A,A_uniform_random,25,,Belady_MIN,30,813.6,11.4152,0.5932
A,A_uniform_random,25,,FIFO,30,1439.9,16.3877,0.28005
A,A_uniform_random,25,,LRU,30,1439.2667,16.9114,0.280367
A,A_uniform_random,25,,LFU,30,1437.3,15.0248,0.28135
A,A_uniform_random,25,,Random_mean_of_5_seeds,30,1435.7467,13.0735,0.282127
A,A_uniform_random,25,,Learned(logistic_regression),30,1440.9667,16.5318,0.279517
A,A_uniform_random,50,,Belady_MIN,30,813.6,11.4152,0.5932
A,A_uniform_random,50,,FIFO,30,1439.9,16.3877,0.28005
A,A_uniform_random,50,,LRU,30,1439.2667,16.9114,0.280367
A,A_uniform_random,50,,LFU,30,1437.3,15.0248,0.28135
A,A_uniform_random,50,,Random_mean_of_5_seeds,30,1435.7467,13.0735,0.282127
A,A_uniform_random,50,,Learned(logistic_regression),30,1443.2333,15.6177,0.278383
A,A_uniform_random,100,,Belady_MIN,30,813.6,11.4152,0.5932
A,A_uniform_random,100,,FIFO,30,1439.9,16.3877,0.28005
A,A_uniform_random,100,,LRU,30,1439.2667,16.9114,0.280367
A,A_uniform_random,100,,LFU,30,1437.3,15.0248,0.28135
A,A_uniform_random,100,,Random_mean_of_5_seeds,30,1435.7467,13.0735,0.282127
A,A_uniform_random,100,,Learned(hist_gradient_boosting),30,1440.3,18.0871,0.27985
A,A_uniform_random,200,,Belady_MIN,30,813.6,11.4152,0.5932
A,A_uniform_random,200,,FIFO,30,1439.9,16.3877,0.28005
A,A_uniform_random,200,,LRU,30,1439.2667,16.9114,0.280367
A,A_uniform_random,200,,LFU,30,1437.3,15.0248,0.28135
A,A_uniform_random,200,,Random_mean_of_5_seeds,30,1435.7467,13.0735,0.282127
A,A_uniform_random,200,,Learned(hist_gradient_boosting),30,1442.5667,18.8427,0.278717
A,A_uniform_random,500,,Belady_MIN,30,813.6,11.4152,0.5932
A,A_uniform_random,500,,FIFO,30,1439.9,16.3877,0.28005
A,A_uniform_random,500,,LRU,30,1439.2667,16.9114,0.280367
A,A_uniform_random,500,,LFU,30,1437.3,15.0248,0.28135
A,A_uniform_random,500,,Random_mean_of_5_seeds,30,1435.7467,13.0735,0.282127
A,A_uniform_random,500,,Learned(logistic_regression),30,1435.1,23.1623,0.28245
A,B_temporal_locality,25,,Belady_MIN,30,0.1667,0.3727,0.999917
A,B_temporal_locality,25,,FIFO,30,6.1667,3.8737,0.996917
A,B_temporal_locality,25,,LRU,30,1.6333,1.9058,0.999183
A,B_temporal_locality,25,,LFU,30,18.3667,14.5613,0.990817
A,B_temporal_locality,25,,Random_mean_of_5_seeds,30,8.6733,3.648,0.995663
A,B_temporal_locality,25,,Learned(hist_gradient_boosting),30,2.2333,2.5779,0.998883
A,B_temporal_locality,50,,Belady_MIN,30,0.1667,0.3727,0.999917
A,B_temporal_locality,50,,FIFO,30,6.1667,3.8737,0.996917
A,B_temporal_locality,50,,LRU,30,1.6333,1.9058,0.999183
A,B_temporal_locality,50,,LFU,30,18.3667,14.5613,0.990817
A,B_temporal_locality,50,,Random_mean_of_5_seeds,30,8.6733,3.648,0.995663
A,B_temporal_locality,50,,Learned(logistic_regression),30,1.6667,1.9032,0.999167
A,B_temporal_locality,100,,Belady_MIN,30,0.1667,0.3727,0.999917
A,B_temporal_locality,100,,FIFO,30,6.1667,3.8737,0.996917
A,B_temporal_locality,100,,LRU,30,1.6333,1.9058,0.999183
A,B_temporal_locality,100,,LFU,30,18.3667,14.5613,0.990817
A,B_temporal_locality,100,,Random_mean_of_5_seeds,30,8.6733,3.648,0.995663
A,B_temporal_locality,100,,Learned(hist_gradient_boosting),30,2.0667,1.8962,0.998967
A,B_temporal_locality,200,,Belady_MIN,30,0.1667,0.3727,0.999917
A,B_temporal_locality,200,,FIFO,30,6.1667,3.8737,0.996917
A,B_temporal_locality,200,,LRU,30,1.6333,1.9058,0.999183
A,B_temporal_locality,200,,LFU,30,18.3667,14.5613,0.990817
A,B_temporal_locality,200,,Random_mean_of_5_seeds,30,8.6733,3.648,0.995663
A,B_temporal_locality,200,,Learned(logistic_regression),30,1.7333,2.0483,0.999133
A,B_temporal_locality,500,,Belady_MIN,30,0.1667,0.3727,0.999917
A,B_temporal_locality,500,,FIFO,30,6.1667,3.8737,0.996917
A,B_temporal_locality,500,,LRU,30,1.6333,1.9058,0.999183
A,B_temporal_locality,500,,LFU,30,18.3667,14.5613,0.990817
A,B_temporal_locality,500,,Random_mean_of_5_seeds,30,8.6733,3.648,0.995663
A,B_temporal_locality,500,,Learned(logistic_regression),30,1.7,1.8824,0.99915
A,C_bursty,25,,Belady_MIN,30,13.6667,4.3308,0.993167
A,C_bursty,25,,FIFO,30,45.6667,8.3719,0.977167
A,C_bursty,25,,LRU,30,45.3,8.4741,0.97735
A,C_bursty,25,,LFU,30,45.6333,8.9758,0.977183
A,C_bursty,25,,Random_mean_of_5_seeds,30,45.86,7.9274,0.97707
A,C_bursty,25,,Learned(logistic_regression),30,47.0667,8.2863,0.976467
A,C_bursty,50,,Belady_MIN,30,13.6667,4.3308,0.993167
A,C_bursty,50,,FIFO,30,45.6667,8.3719,0.977167
A,C_bursty,50,,LRU,30,45.3,8.4741,0.97735
A,C_bursty,50,,LFU,30,45.6333,8.9758,0.977183
A,C_bursty,50,,Random_mean_of_5_seeds,30,45.86,7.9274,0.97707
A,C_bursty,50,,Learned(hist_gradient_boosting),30,45.7667,7.4685,0.977117
A,C_bursty,100,,Belady_MIN,30,13.6667,4.3308,0.993167
A,C_bursty,100,,FIFO,30,45.6667,8.3719,0.977167
A,C_bursty,100,,LRU,30,45.3,8.4741,0.97735
A,C_bursty,100,,LFU,30,45.6333,8.9758,0.977183
A,C_bursty,100,,Random_mean_of_5_seeds,30,45.86,7.9274,0.97707
A,C_bursty,100,,Learned(logistic_regression),30,45.6,8.8867,0.9772
A,C_bursty,200,,Belady_MIN,30,13.6667,4.3308,0.993167
A,C_bursty,200,,FIFO,30,45.6667,8.3719,0.977167
A,C_bursty,200,,LRU,30,45.3,8.4741,0.97735
A,C_bursty,200,,LFU,30,45.6333,8.9758,0.977183
A,C_bursty,200,,Random_mean_of_5_seeds,30,45.86,7.9274,0.97707
A,C_bursty,200,,Learned(hist_gradient_boosting),30,46.5,8.168,0.97675
A,C_bursty,500,,Belady_MIN,30,13.6667,4.3308,0.993167
A,C_bursty,500,,FIFO,30,45.6667,8.3719,0.977167
A,C_bursty,500,,LRU,30,45.3,8.4741,0.97735
A,C_bursty,500,,LFU,30,45.6333,8.9758,0.977183
A,C_bursty,500,,Random_mean_of_5_seeds,30,45.86,7.9274,0.97707
A,C_bursty,500,,Learned(logistic_regression),30,45.5667,9.2075,0.977217
A,D_long_range_reuse,25,structural_null,Belady_MIN,30,1656,0.0,0.172
A,D_long_range_reuse,25,structural_null,FIFO,30,1800,0.0,0.1
A,D_long_range_reuse,25,structural_null,LRU,30,1800,0.0,0.1
A,D_long_range_reuse,25,structural_null,LFU,30,1800,0.0,0.1
A,D_long_range_reuse,25,structural_null,Random_mean_of_5_seeds,30,1800,0.0,0.1
A,D_long_range_reuse,25,structural_null,Learned,0,,,
A,D_long_range_reuse,50,structural_null,Belady_MIN,30,1656,0.0,0.172
A,D_long_range_reuse,50,structural_null,FIFO,30,1800,0.0,0.1
A,D_long_range_reuse,50,structural_null,LRU,30,1800,0.0,0.1
A,D_long_range_reuse,50,structural_null,LFU,30,1800,0.0,0.1
A,D_long_range_reuse,50,structural_null,Random_mean_of_5_seeds,30,1800,0.0,0.1
A,D_long_range_reuse,50,structural_null,Learned,0,,,
A,D_long_range_reuse,100,structural_null,Belady_MIN,30,1656,0.0,0.172
A,D_long_range_reuse,100,structural_null,FIFO,30,1800,0.0,0.1
A,D_long_range_reuse,100,structural_null,LRU,30,1800,0.0,0.1
A,D_long_range_reuse,100,structural_null,LFU,30,1800,0.0,0.1
A,D_long_range_reuse,100,structural_null,Random_mean_of_5_seeds,30,1800,0.0,0.1
A,D_long_range_reuse,100,structural_null,Learned,0,,,
A,D_long_range_reuse,200,redundant_with_H500,Belady_MIN,30,1656,0.0,0.172
A,D_long_range_reuse,200,redundant_with_H500,FIFO,30,1800,0.0,0.1
A,D_long_range_reuse,200,redundant_with_H500,LRU,30,1800,0.0,0.1
A,D_long_range_reuse,200,redundant_with_H500,LFU,30,1800,0.0,0.1
A,D_long_range_reuse,200,redundant_with_H500,Random_mean_of_5_seeds,30,1800,0.0,0.1
A,D_long_range_reuse,200,redundant_with_H500,Learned(logistic_regression),30,1770,0.0,0.115
A,D_long_range_reuse,500,redundant_with_H200,Belady_MIN,30,1656,0.0,0.172
A,D_long_range_reuse,500,redundant_with_H200,FIFO,30,1800,0.0,0.1
A,D_long_range_reuse,500,redundant_with_H200,LRU,30,1800,0.0,0.1
A,D_long_range_reuse,500,redundant_with_H200,LFU,30,1800,0.0,0.1
A,D_long_range_reuse,500,redundant_with_H200,Random_mean_of_5_seeds,30,1800,0.0,0.1
A,D_long_range_reuse,500,redundant_with_H200,Learned(logistic_regression),30,1770,0.0,0.115
A,E_phase_changing,25,,Belady_MIN,30,306.8333,11.5933,0.846583
A,E_phase_changing,25,,FIFO,30,782.3667,24.5513,0.608817
A,E_phase_changing,25,,LRU,30,787.5333,26.0381,0.606233
A,E_phase_changing,25,,LFU,30,1518.5667,10.2978,0.240717
A,E_phase_changing,25,,Random_mean_of_5_seeds,30,822.6333,16.6002,0.588683
A,E_phase_changing,25,,Learned(hist_gradient_boosting),30,781.8,25.8694,0.6091
A,E_phase_changing,50,,Belady_MIN,30,306.8333,11.5933,0.846583
A,E_phase_changing,50,,FIFO,30,782.3667,24.5513,0.608817
A,E_phase_changing,50,,LRU,30,787.5333,26.0381,0.606233
A,E_phase_changing,50,,LFU,30,1518.5667,10.2978,0.240717
A,E_phase_changing,50,,Random_mean_of_5_seeds,30,822.6333,16.6002,0.588683
A,E_phase_changing,50,,Learned(hist_gradient_boosting),30,779.6667,25.7583,0.610167
A,E_phase_changing,100,,Belady_MIN,30,306.8333,11.5933,0.846583
A,E_phase_changing,100,,FIFO,30,782.3667,24.5513,0.608817
A,E_phase_changing,100,,LRU,30,787.5333,26.0381,0.606233
A,E_phase_changing,100,,LFU,30,1518.5667,10.2978,0.240717
A,E_phase_changing,100,,Random_mean_of_5_seeds,30,822.6333,16.6002,0.588683
A,E_phase_changing,100,,Learned(hist_gradient_boosting),30,779.3667,27.9446,0.610317
A,E_phase_changing,200,redundant_with_H500,Belady_MIN,30,306.8333,11.5933,0.846583
A,E_phase_changing,200,redundant_with_H500,FIFO,30,782.3667,24.5513,0.608817
A,E_phase_changing,200,redundant_with_H500,LRU,30,787.5333,26.0381,0.606233
A,E_phase_changing,200,redundant_with_H500,LFU,30,1518.5667,10.2978,0.240717
A,E_phase_changing,200,redundant_with_H500,Random_mean_of_5_seeds,30,822.6333,16.6002,0.588683
A,E_phase_changing,200,redundant_with_H500,Learned(logistic_regression),30,784.6,27.0575,0.6077
A,E_phase_changing,500,redundant_with_H200,Belady_MIN,30,306.8333,11.5933,0.846583
A,E_phase_changing,500,redundant_with_H200,FIFO,30,782.3667,24.5513,0.608817
A,E_phase_changing,500,redundant_with_H200,LRU,30,787.5333,26.0381,0.606233
A,E_phase_changing,500,redundant_with_H200,LFU,30,1518.5667,10.2978,0.240717
A,E_phase_changing,500,redundant_with_H200,Random_mean_of_5_seeds,30,822.6333,16.6002,0.588683
A,E_phase_changing,500,redundant_with_H200,Learned(logistic_regression),30,784.1,26.1385,0.60795
A,F_non_stationary,25,,Belady_MIN,30,401.7,11.3318,0.79915
A,F_non_stationary,25,,FIFO,30,881.5333,25.3124,0.559233
A,F_non_stationary,25,,LRU,30,770.3667,22.0431,0.614817
A,F_non_stationary,25,,LFU,30,908.5,17.595,0.54575
A,F_non_stationary,25,,Random_mean_of_5_seeds,30,885.8067,21.7027,0.557097
A,F_non_stationary,25,,Learned(hist_gradient_boosting),30,617.0667,18.6689,0.691467
A,F_non_stationary,50,,Belady_MIN,30,401.7,11.3318,0.79915
A,F_non_stationary,50,,FIFO,30,881.5333,25.3124,0.559233
A,F_non_stationary,50,,LRU,30,770.3667,22.0431,0.614817
A,F_non_stationary,50,,LFU,30,908.5,17.595,0.54575
A,F_non_stationary,50,,Random_mean_of_5_seeds,30,885.8067,21.7027,0.557097
A,F_non_stationary,50,,Learned(hist_gradient_boosting),30,620.0667,17.3761,0.689967
A,F_non_stationary,100,,Belady_MIN,30,401.7,11.3318,0.79915
A,F_non_stationary,100,,FIFO,30,881.5333,25.3124,0.559233
A,F_non_stationary,100,,LRU,30,770.3667,22.0431,0.614817
A,F_non_stationary,100,,LFU,30,908.5,17.595,0.54575
A,F_non_stationary,100,,Random_mean_of_5_seeds,30,885.8067,21.7027,0.557097
A,F_non_stationary,100,,Learned(hist_gradient_boosting),30,631.4333,20.9741,0.684283
A,F_non_stationary,200,,Belady_MIN,30,401.7,11.3318,0.79915
A,F_non_stationary,200,,FIFO,30,881.5333,25.3124,0.559233
A,F_non_stationary,200,,LRU,30,770.3667,22.0431,0.614817
A,F_non_stationary,200,,LFU,30,908.5,17.595,0.54575
A,F_non_stationary,200,,Random_mean_of_5_seeds,30,885.8067,21.7027,0.557097
A,F_non_stationary,200,,Learned(hist_gradient_boosting),30,656.9,20.4554,0.67155
A,F_non_stationary,500,,Belady_MIN,30,401.7,11.3318,0.79915
A,F_non_stationary,500,,FIFO,30,881.5333,25.3124,0.559233
A,F_non_stationary,500,,LRU,30,770.3667,22.0431,0.614817
A,F_non_stationary,500,,LFU,30,908.5,17.595,0.54575
A,F_non_stationary,500,,Random_mean_of_5_seeds,30,885.8067,21.7027,0.557097
A,F_non_stationary,500,,Learned(hist_gradient_boosting),30,749.2667,29.1261,0.625367
B,A_uniform_random,25,,Belady_MIN,200,813.13,11.935,0.593435
B,A_uniform_random,25,,FIFO,200,1437.695,19.3962,0.281153
B,A_uniform_random,25,,LRU,200,1437.6,18.7123,0.2812
B,A_uniform_random,25,,LFU,200,1438.69,17.5038,0.280655
B,A_uniform_random,25,,Random_mean_of_5_seeds,200,1437.469,14.4202,0.281266
B,A_uniform_random,25,,Learned(hist_gradient_boosting),200,1437.855,17.7931,0.281073
B,A_uniform_random,50,,Belady_MIN,200,813.13,11.935,0.593435
B,A_uniform_random,50,,FIFO,200,1437.695,19.3962,0.281153
B,A_uniform_random,50,,LRU,200,1437.6,18.7123,0.2812
B,A_uniform_random,50,,LFU,200,1438.69,17.5038,0.280655
B,A_uniform_random,50,,Random_mean_of_5_seeds,200,1437.469,14.4202,0.281266
B,A_uniform_random,50,,Learned(hist_gradient_boosting),200,1438.67,18.1654,0.280665
B,A_uniform_random,100,,Belady_MIN,200,813.13,11.935,0.593435
B,A_uniform_random,100,,FIFO,200,1437.695,19.3962,0.281153
B,A_uniform_random,100,,LRU,200,1437.6,18.7123,0.2812
B,A_uniform_random,100,,LFU,200,1438.69,17.5038,0.280655
B,A_uniform_random,100,,Random_mean_of_5_seeds,200,1437.469,14.4202,0.281266
B,A_uniform_random,100,,Learned(hist_gradient_boosting),200,1438.61,18.9818,0.280695
B,A_uniform_random,200,,Belady_MIN,200,813.13,11.935,0.593435
B,A_uniform_random,200,,FIFO,200,1437.695,19.3962,0.281153
B,A_uniform_random,200,,LRU,200,1437.6,18.7123,0.2812
B,A_uniform_random,200,,LFU,200,1438.69,17.5038,0.280655
B,A_uniform_random,200,,Random_mean_of_5_seeds,200,1437.469,14.4202,0.281266
B,A_uniform_random,200,,Learned(hist_gradient_boosting),200,1438.02,17.7395,0.28099
B,A_uniform_random,500,,Belady_MIN,200,813.13,11.935,0.593435
B,A_uniform_random,500,,FIFO,200,1437.695,19.3962,0.281153
B,A_uniform_random,500,,LRU,200,1437.6,18.7123,0.2812
B,A_uniform_random,500,,LFU,200,1438.69,17.5038,0.280655
B,A_uniform_random,500,,Random_mean_of_5_seeds,200,1437.469,14.4202,0.281266
B,A_uniform_random,500,,Learned(hist_gradient_boosting),200,1437.385,18.5034,0.281307
B,B_temporal_locality,25,,Belady_MIN,200,0.21,0.4647,0.999895
B,B_temporal_locality,25,,FIFO,200,6.435,3.9668,0.996783
B,B_temporal_locality,25,,LRU,200,1.655,1.6781,0.999173
B,B_temporal_locality,25,,LFU,200,17.615,16.8685,0.991193
B,B_temporal_locality,25,,Random_mean_of_5_seeds,200,8.767,4.5421,0.995617
B,B_temporal_locality,25,,Learned(hist_gradient_boosting),200,7.525,5.4936,0.996237
B,B_temporal_locality,50,,Belady_MIN,200,0.21,0.4647,0.999895
B,B_temporal_locality,50,,FIFO,200,6.435,3.9668,0.996783
B,B_temporal_locality,50,,LRU,200,1.655,1.6781,0.999173
B,B_temporal_locality,50,,LFU,200,17.615,16.8685,0.991193
B,B_temporal_locality,50,,Random_mean_of_5_seeds,200,8.767,4.5421,0.995617
B,B_temporal_locality,50,,Learned(hist_gradient_boosting),200,8.275,6.0324,0.995862
B,B_temporal_locality,100,,Belady_MIN,200,0.21,0.4647,0.999895
B,B_temporal_locality,100,,FIFO,200,6.435,3.9668,0.996783
B,B_temporal_locality,100,,LRU,200,1.655,1.6781,0.999173
B,B_temporal_locality,100,,LFU,200,17.615,16.8685,0.991193
B,B_temporal_locality,100,,Random_mean_of_5_seeds,200,8.767,4.5421,0.995617
B,B_temporal_locality,100,,Learned(hist_gradient_boosting),200,7.24,6.128,0.99638
B,B_temporal_locality,200,,Belady_MIN,200,0.21,0.4647,0.999895
B,B_temporal_locality,200,,FIFO,200,6.435,3.9668,0.996783
B,B_temporal_locality,200,,LRU,200,1.655,1.6781,0.999173
B,B_temporal_locality,200,,LFU,200,17.615,16.8685,0.991193
B,B_temporal_locality,200,,Random_mean_of_5_seeds,200,8.767,4.5421,0.995617
B,B_temporal_locality,200,,Learned(hist_gradient_boosting),200,6.535,4.8968,0.996733
B,B_temporal_locality,500,,Belady_MIN,200,0.21,0.4647,0.999895
B,B_temporal_locality,500,,FIFO,200,6.435,3.9668,0.996783
B,B_temporal_locality,500,,LRU,200,1.655,1.6781,0.999173
B,B_temporal_locality,500,,LFU,200,17.615,16.8685,0.991193
B,B_temporal_locality,500,,Random_mean_of_5_seeds,200,8.767,4.5421,0.995617
B,B_temporal_locality,500,,Learned(hist_gradient_boosting),200,7.67,5.5345,0.996165
B,C_bursty,25,,Belady_MIN,200,14.785,4.5386,0.992607
B,C_bursty,25,,FIFO,200,47.455,8.5725,0.976272
B,C_bursty,25,,LRU,200,47.53,8.2431,0.976235
B,C_bursty,25,,LFU,200,47.495,9.0532,0.976252
B,C_bursty,25,,Random_mean_of_5_seeds,200,47.188,7.965,0.976406
B,C_bursty,25,,Learned(hist_gradient_boosting),200,46.955,8.8438,0.976522
B,C_bursty,50,,Belady_MIN,200,14.785,4.5386,0.992607
B,C_bursty,50,,FIFO,200,47.455,8.5725,0.976272
B,C_bursty,50,,LRU,200,47.53,8.2431,0.976235
B,C_bursty,50,,LFU,200,47.495,9.0532,0.976252
B,C_bursty,50,,Random_mean_of_5_seeds,200,47.188,7.965,0.976406
B,C_bursty,50,,Learned(hist_gradient_boosting),200,47.19,8.4926,0.976405
B,C_bursty,100,,Belady_MIN,200,14.785,4.5386,0.992607
B,C_bursty,100,,FIFO,200,47.455,8.5725,0.976272
B,C_bursty,100,,LRU,200,47.53,8.2431,0.976235
B,C_bursty,100,,LFU,200,47.495,9.0532,0.976252
B,C_bursty,100,,Random_mean_of_5_seeds,200,47.188,7.965,0.976406
B,C_bursty,100,,Learned(hist_gradient_boosting),200,47.335,8.7076,0.976333
B,C_bursty,200,,Belady_MIN,200,14.785,4.5386,0.992607
B,C_bursty,200,,FIFO,200,47.455,8.5725,0.976272
B,C_bursty,200,,LRU,200,47.53,8.2431,0.976235
B,C_bursty,200,,LFU,200,47.495,9.0532,0.976252
B,C_bursty,200,,Random_mean_of_5_seeds,200,47.188,7.965,0.976406
B,C_bursty,200,,Learned(hist_gradient_boosting),200,47.175,8.6322,0.976413
B,C_bursty,500,,Belady_MIN,200,14.785,4.5386,0.992607
B,C_bursty,500,,FIFO,200,47.455,8.5725,0.976272
B,C_bursty,500,,LRU,200,47.53,8.2431,0.976235
B,C_bursty,500,,LFU,200,47.495,9.0532,0.976252
B,C_bursty,500,,Random_mean_of_5_seeds,200,47.188,7.965,0.976406
B,C_bursty,500,,Learned(hist_gradient_boosting),200,47.34,8.43,0.97633
B,D_long_range_reuse,25,structural_null,Belady_MIN,200,1656,0.0,0.172
B,D_long_range_reuse,25,structural_null,FIFO,200,1800,0.0,0.1
B,D_long_range_reuse,25,structural_null,LRU,200,1800,0.0,0.1
B,D_long_range_reuse,25,structural_null,LFU,200,1800,0.0,0.1
B,D_long_range_reuse,25,structural_null,Random_mean_of_5_seeds,200,1800,0.0,0.1
B,D_long_range_reuse,25,structural_null,Learned(hist_gradient_boosting),200,1800,0.0,0.1
B,D_long_range_reuse,50,structural_null,Belady_MIN,200,1656,0.0,0.172
B,D_long_range_reuse,50,structural_null,FIFO,200,1800,0.0,0.1
B,D_long_range_reuse,50,structural_null,LRU,200,1800,0.0,0.1
B,D_long_range_reuse,50,structural_null,LFU,200,1800,0.0,0.1
B,D_long_range_reuse,50,structural_null,Random_mean_of_5_seeds,200,1800,0.0,0.1
B,D_long_range_reuse,50,structural_null,Learned(hist_gradient_boosting),200,1800,0.0,0.1
B,D_long_range_reuse,100,structural_null,Belady_MIN,200,1656,0.0,0.172
B,D_long_range_reuse,100,structural_null,FIFO,200,1800,0.0,0.1
B,D_long_range_reuse,100,structural_null,LRU,200,1800,0.0,0.1
B,D_long_range_reuse,100,structural_null,LFU,200,1800,0.0,0.1
B,D_long_range_reuse,100,structural_null,Random_mean_of_5_seeds,200,1800,0.0,0.1
B,D_long_range_reuse,100,structural_null,Learned(hist_gradient_boosting),200,1800,0.0,0.1
B,D_long_range_reuse,200,redundant_with_H500,Belady_MIN,200,1656,0.0,0.172
B,D_long_range_reuse,200,redundant_with_H500,FIFO,200,1800,0.0,0.1
B,D_long_range_reuse,200,redundant_with_H500,LRU,200,1800,0.0,0.1
B,D_long_range_reuse,200,redundant_with_H500,LFU,200,1800,0.0,0.1
B,D_long_range_reuse,200,redundant_with_H500,Random_mean_of_5_seeds,200,1800,0.0,0.1
B,D_long_range_reuse,200,redundant_with_H500,Learned(hist_gradient_boosting),200,1795,0.0,0.1025
B,D_long_range_reuse,500,redundant_with_H200,Belady_MIN,200,1656,0.0,0.172
B,D_long_range_reuse,500,redundant_with_H200,FIFO,200,1800,0.0,0.1
B,D_long_range_reuse,500,redundant_with_H200,LRU,200,1800,0.0,0.1
B,D_long_range_reuse,500,redundant_with_H200,LFU,200,1800,0.0,0.1
B,D_long_range_reuse,500,redundant_with_H200,Random_mean_of_5_seeds,200,1800,0.0,0.1
B,D_long_range_reuse,500,redundant_with_H200,Learned(hist_gradient_boosting),200,1797,0.0,0.1015
B,E_phase_changing,25,,Belady_MIN,200,306.64,10.2572,0.84668
B,E_phase_changing,25,,FIFO,200,782.57,22.1717,0.608715
B,E_phase_changing,25,,LRU,200,784.745,23.1387,0.607627
B,E_phase_changing,25,,LFU,200,1520.355,11.4346,0.239822
B,E_phase_changing,25,,Random_mean_of_5_seeds,200,823.468,14.9187,0.588266
B,E_phase_changing,25,,Learned(hist_gradient_boosting),200,856.92,22.5081,0.57154
B,E_phase_changing,50,,Belady_MIN,200,306.64,10.2572,0.84668
B,E_phase_changing,50,,FIFO,200,782.57,22.1717,0.608715
B,E_phase_changing,50,,LRU,200,784.745,23.1387,0.607627
B,E_phase_changing,50,,LFU,200,1520.355,11.4346,0.239822
B,E_phase_changing,50,,Random_mean_of_5_seeds,200,823.468,14.9187,0.588266
B,E_phase_changing,50,,Learned(hist_gradient_boosting),200,859.895,22.6926,0.570052
B,E_phase_changing,100,,Belady_MIN,200,306.64,10.2572,0.84668
B,E_phase_changing,100,,FIFO,200,782.57,22.1717,0.608715
B,E_phase_changing,100,,LRU,200,784.745,23.1387,0.607627
B,E_phase_changing,100,,LFU,200,1520.355,11.4346,0.239822
B,E_phase_changing,100,,Random_mean_of_5_seeds,200,823.468,14.9187,0.588266
B,E_phase_changing,100,,Learned(hist_gradient_boosting),200,861.42,21.9375,0.56929
B,E_phase_changing,200,redundant_with_H500,Belady_MIN,200,306.64,10.2572,0.84668
B,E_phase_changing,200,redundant_with_H500,FIFO,200,782.57,22.1717,0.608715
B,E_phase_changing,200,redundant_with_H500,LRU,200,784.745,23.1387,0.607627
B,E_phase_changing,200,redundant_with_H500,LFU,200,1520.355,11.4346,0.239822
B,E_phase_changing,200,redundant_with_H500,Random_mean_of_5_seeds,200,823.468,14.9187,0.588266
B,E_phase_changing,200,redundant_with_H500,Learned(hist_gradient_boosting),200,808.155,23.3129,0.595923
B,E_phase_changing,500,redundant_with_H200,Belady_MIN,200,306.64,10.2572,0.84668
B,E_phase_changing,500,redundant_with_H200,FIFO,200,782.57,22.1717,0.608715
B,E_phase_changing,500,redundant_with_H200,LRU,200,784.745,23.1387,0.607627
B,E_phase_changing,500,redundant_with_H200,LFU,200,1520.355,11.4346,0.239822
B,E_phase_changing,500,redundant_with_H200,Random_mean_of_5_seeds,200,823.468,14.9187,0.588266
B,E_phase_changing,500,redundant_with_H200,Learned(hist_gradient_boosting),200,859.17,24.2054,0.570415
B,F_non_stationary,25,,Belady_MIN,200,401.79,14.3839,0.799105
B,F_non_stationary,25,,FIFO,200,880.6,25.39,0.5597
B,F_non_stationary,25,,LRU,200,769.46,26.1899,0.61527
B,F_non_stationary,25,,LFU,200,906.825,22.4699,0.546588
B,F_non_stationary,25,,Random_mean_of_5_seeds,200,884.961,23.0758,0.55752
B,F_non_stationary,25,,Learned(hist_gradient_boosting),200,870.69,29.1502,0.564655
B,F_non_stationary,50,,Belady_MIN,200,401.79,14.3839,0.799105
B,F_non_stationary,50,,FIFO,200,880.6,25.39,0.5597
B,F_non_stationary,50,,LRU,200,769.46,26.1899,0.61527
B,F_non_stationary,50,,LFU,200,906.825,22.4699,0.546588
B,F_non_stationary,50,,Random_mean_of_5_seeds,200,884.961,23.0758,0.55752
B,F_non_stationary,50,,Learned(hist_gradient_boosting),200,887.965,28.5663,0.556018
B,F_non_stationary,100,,Belady_MIN,200,401.79,14.3839,0.799105
B,F_non_stationary,100,,FIFO,200,880.6,25.39,0.5597
B,F_non_stationary,100,,LRU,200,769.46,26.1899,0.61527
B,F_non_stationary,100,,LFU,200,906.825,22.4699,0.546588
B,F_non_stationary,100,,Random_mean_of_5_seeds,200,884.961,23.0758,0.55752
B,F_non_stationary,100,,Learned(hist_gradient_boosting),200,849.205,31.5158,0.575398
B,F_non_stationary,200,,Belady_MIN,200,401.79,14.3839,0.799105
B,F_non_stationary,200,,FIFO,200,880.6,25.39,0.5597
B,F_non_stationary,200,,LRU,200,769.46,26.1899,0.61527
B,F_non_stationary,200,,LFU,200,906.825,22.4699,0.546588
B,F_non_stationary,200,,Random_mean_of_5_seeds,200,884.961,23.0758,0.55752
B,F_non_stationary,200,,Learned(hist_gradient_boosting),200,851.905,30.5741,0.574048
B,F_non_stationary,500,,Belady_MIN,200,401.79,14.3839,0.799105
B,F_non_stationary,500,,FIFO,200,880.6,25.39,0.5597
B,F_non_stationary,500,,LRU,200,769.46,26.1899,0.61527
B,F_non_stationary,500,,LFU,200,906.825,22.4699,0.546588
B,F_non_stationary,500,,Random_mean_of_5_seeds,200,884.961,23.0758,0.55752
B,F_non_stationary,500,,Learned(hist_gradient_boosting),200,1025.27,40.4975,0.487365
