protocol,family_or_held_out,horizon,flags,model,status,selected,split,n_examples,roc_auc,pr_auc,brier_score,accuracy,f1
A,A_uniform_random,25,,logistic_regression,trained,True,train,3324720,0.5049919751577128,0.3273326326009381,0.21907440086957833,0.6758148054573017,0.0
A,A_uniform_random,25,,logistic_regression,trained,True,val,715312,0.5035348681461919,0.3256626925866086,0.21852057488541848,0.6774344621647617,0.0
A,A_uniform_random,25,,logistic_regression,trained,True,test,713888,0.5001603037872846,0.32328178108283967,0.2186080284773753,0.6772336837150925,0.0
A,A_uniform_random,25,,hist_gradient_boosting,trained,False,train,3324720,0.571447436209137,0.4110757788240515,0.2167317566806967,0.676215741475974,0.0025813553134595535
A,A_uniform_random,25,,hist_gradient_boosting,trained,False,val,715312,0.5003830264802024,0.32216605200375065,0.2186232942390927,0.6774106963115396,0.0007188699018699278
A,A_uniform_random,25,,hist_gradient_boosting,trained,False,test,713888,0.502491141747318,0.32435278748459706,0.21861874244965082,0.6772224774754584,0.000693881268241488
A,A_uniform_random,50,,logistic_regression,trained,True,train,3324720,0.5097813175121961,0.5436784699321101,0.24843190308128776,0.5383725546812965,0.6999158863045619
A,A_uniform_random,50,,logistic_regression,trained,True,val,715312,0.5109293355594773,0.5431666722365864,0.2485124416224431,0.537029995302749,0.6987892193957739
A,A_uniform_random,50,,logistic_regression,trained,True,test,713888,0.5108109216329588,0.5417989711444711,0.24845674482605964,0.5377608252274867,0.6993928407129225
A,A_uniform_random,50,,hist_gradient_boosting,trained,False,train,3324720,0.5738528687787733,0.6144127391985492,0.24491860040051058,0.5564113669722563,0.7035248349875786
A,A_uniform_random,50,,hist_gradient_boosting,trained,False,val,715312,0.5071046499788228,0.5402146693000475,0.2477422971549254,0.5427030442659986,0.6942600028413977
A,A_uniform_random,50,,hist_gradient_boosting,trained,False,test,713888,0.5126100092992413,0.5438549476907392,0.24768662930011912,0.5427223878255413,0.6943447529393258
A,A_uniform_random,100,,logistic_regression,trained,False,train,3324720,0.5383930323841346,0.790687998211199,0.17247686328936293,0.7770025746529031,0.8745092277704469
A,A_uniform_random,100,,logistic_regression,trained,False,val,715312,0.5432080965658205,0.7939333187359632,0.17186282808275216,0.777845192028094,0.8750426589626283
A,A_uniform_random,100,,logistic_regression,trained,False,test,713888,0.5370437314428576,0.7905150159560427,0.17157120871551132,0.7786879734636245,0.8755756884635497
A,A_uniform_random,100,,hist_gradient_boosting,trained,True,train,3324720,0.5981135609037845,0.8290623142928245,0.1662803884389651,0.784491927139729,0.8774282416071745
A,A_uniform_random,100,,hist_gradient_boosting,trained,True,val,715312,0.5434740930888738,0.7937699055304932,0.16815085757433015,0.7836873979466302,0.8770576013157843
A,A_uniform_random,100,,hist_gradient_boosting,trained,True,test,713888,0.5400560999572037,0.7920160452636825,0.16802620341084346,0.7841580191850822,0.877413452244096
A,A_uniform_random,200,,logistic_regression,trained,False,train,3324720,0.6890256587128114,0.9566228474871387,0.0609410750893715,0.9305679876801656,0.9640354482396312
A,A_uniform_random,200,,logistic_regression,trained,False,val,715312,0.6890722258198374,0.9560067088810316,0.060529151917896935,0.9310328919408594,0.9642848610466586
A,A_uniform_random,200,,logistic_regression,trained,False,test,713888,0.6863759945679443,0.9562895688010725,0.060597566001268297,0.9310550114303644,0.9642967247636478
A,A_uniform_random,200,,hist_gradient_boosting,trained,True,train,3324720,0.7450783358289568,0.9681215068169782,0.05255626526721281,0.9378627373132173,0.9675057375245509
A,A_uniform_random,200,,hist_gradient_boosting,trained,True,val,715312,0.6921212618152702,0.9568944089007516,0.05414715748020746,0.9371910439081128,0.9671684066066566
A,A_uniform_random,200,,hist_gradient_boosting,trained,True,test,713888,0.6890425716756484,0.9559532325107183,0.054773829139567916,0.9363569635573087,0.9667363168198531
A,A_uniform_random,500,,logistic_regression,trained,True,train,3324720,0.9700973162125821,0.9988072745421291,0.019622681306281146,0.9730663033277991,0.9862016245184467
A,A_uniform_random,500,,logistic_regression,trained,True,val,715312,0.9737493256397824,0.9989974886163607,0.019105823734187056,0.973478705795513,0.9864172012031277
A,A_uniform_random,500,,logistic_regression,trained,True,test,713888,0.969481599715628,0.998703946814033,0.0196157922270961,0.9732324958536913,0.9862944923353442
A,A_uniform_random,500,,hist_gradient_boosting,trained,False,train,3324720,0.9767629164848972,0.9990611441463668,0.018436623606463753,0.9742288072379027,0.9867749588270613
A,A_uniform_random,500,,hist_gradient_boosting,trained,False,val,715312,0.9720141087896392,0.998782875459033,0.01964473797292601,0.9730872682130315,0.9861925667509892
A,A_uniform_random,500,,hist_gradient_boosting,trained,False,test,713888,0.9680261014097185,0.998771265498149,0.020346107778497484,0.9722659576852392,0.9857730134926069
A,B_temporal_locality,25,,logistic_regression,trained,False,train,9664,0.8452975910386114,0.7219471598697815,0.15336500360025113,0.7805256622516556,0.66199203187251
A,B_temporal_locality,25,,logistic_regression,trained,False,val,1888,0.8460631631196873,0.7269168238820306,0.15386850713610717,0.7791313559322034,0.6562242374278648
A,B_temporal_locality,25,,logistic_regression,trained,False,test,2016,0.8443865112228871,0.7173912821189746,0.1536142587762249,0.7862103174603174,0.6702371843917369
A,B_temporal_locality,25,,hist_gradient_boosting,trained,True,train,9664,0.9300103680010159,0.8848285381992,0.10682470280182155,0.8457160596026491,0.779012894619831
A,B_temporal_locality,25,,hist_gradient_boosting,trained,True,val,1888,0.8462657259962991,0.7295142562728425,0.15049342030521326,0.788135593220339,0.6941896024464832
A,B_temporal_locality,25,,hist_gradient_boosting,trained,True,test,2016,0.8502021981854367,0.7427210130492388,0.14704536709594912,0.7926587301587301,0.6975397973950795
A,B_temporal_locality,50,,logistic_regression,trained,True,train,9664,0.8468258021898315,0.8029675551041748,0.1599224860451479,0.7725579470198676,0.7453070683661646
A,B_temporal_locality,50,,logistic_regression,trained,True,val,1888,0.8353207865821787,0.7965982582293971,0.16616175869931865,0.7643008474576272,0.7362181387077653
A,B_temporal_locality,50,,logistic_regression,trained,True,test,2016,0.8352701547999921,0.7932508344375256,0.16514044028824076,0.7693452380952381,0.7403685092127303
A,B_temporal_locality,50,,hist_gradient_boosting,trained,False,train,9664,0.9265544478792485,0.9187633504594317,0.11308081739109016,0.8406456953642384,0.8243613138686131
A,B_temporal_locality,50,,hist_gradient_boosting,trained,False,val,1888,0.8347568939960963,0.7980209338984361,0.1643909826603175,0.7727754237288136,0.7513043478260869
A,B_temporal_locality,50,,hist_gradient_boosting,trained,False,test,2016,0.8362056117481071,0.8030184835831251,0.16286903267348635,0.7698412698412699,0.7456140350877193
A,B_temporal_locality,100,,logistic_regression,trained,False,train,9664,0.8485040324290178,0.8713614563778315,0.15816906243361228,0.7783526490066225,0.8052727272727273
A,B_temporal_locality,100,,logistic_regression,trained,False,val,1888,0.8341945078508681,0.8662145630403731,0.16460505218780946,0.7701271186440678,0.800734618916437
A,B_temporal_locality,100,,logistic_regression,trained,False,test,2016,0.8317657549111916,0.8514424000271994,0.16647715030176952,0.7628968253968254,0.791083916083916
A,B_temporal_locality,100,,hist_gradient_boosting,trained,True,train,9664,0.9300730459868455,0.948967191787096,0.10985834306656442,0.8448882450331126,0.8631175235138343
A,B_temporal_locality,100,,hist_gradient_boosting,trained,True,val,1888,0.8388416222821702,0.8694963889148668,0.15945814258385319,0.7759533898305084,0.8056959118052366
A,B_temporal_locality,100,,hist_gradient_boosting,trained,True,test,2016,0.8298303025708951,0.8506532014856998,0.16757559268162622,0.7643849206349206,0.7915752523036419
A,B_temporal_locality,200,,logistic_regression,trained,True,train,9664,0.8393605540248956,0.9030640900486113,0.15361066754018143,0.7809395695364238,0.8435444534772005
A,B_temporal_locality,200,,logistic_regression,trained,True,val,1888,0.8208832914786353,0.8925336193434592,0.16032457913229664,0.7658898305084746,0.8334589299171062
A,B_temporal_locality,200,,logistic_regression,trained,True,test,2016,0.8228436509334274,0.8940580161570284,0.15972768292205233,0.7604166666666666,0.8291475061903077
A,B_temporal_locality,200,,hist_gradient_boosting,trained,False,train,9664,0.9332548795598572,0.9660258752152205,0.10331193145905139,0.8567880794701986,0.8928294873780394
A,B_temporal_locality,200,,hist_gradient_boosting,trained,False,val,1888,0.8177369510897956,0.8931716245225978,0.16145422503769924,0.7754237288135594,0.8338557993730408
A,B_temporal_locality,200,,hist_gradient_boosting,trained,False,test,2016,0.8165529235646355,0.893836484950875,0.16325241260408374,0.7609126984126984,0.8235724743777453
A,B_temporal_locality,500,,logistic_regression,trained,True,train,9664,0.8297348789795553,0.9329606870032568,0.13657182842849527,0.7990480132450332,0.8758788188674421
A,B_temporal_locality,500,,logistic_regression,trained,True,val,1888,0.8072467657952656,0.9243655454413664,0.1427965220405659,0.7923728813559322,0.8720626631853786
A,B_temporal_locality,500,,logistic_regression,trained,True,test,2016,0.8083475251780554,0.9278518420605504,0.14145519205261184,0.7931547619047619,0.8729820286323484
A,B_temporal_locality,500,,hist_gradient_boosting,trained,False,train,9664,0.9533030021597384,0.9844352558387427,0.08056563374465382,0.8967301324503312,0.9338459498873127
A,B_temporal_locality,500,,hist_gradient_boosting,trained,False,val,1888,0.7988895960982493,0.919739366192119,0.14625001502775228,0.7838983050847458,0.8645418326693227
A,B_temporal_locality,500,,hist_gradient_boosting,trained,False,test,2016,0.7973574603761883,0.9252141211089102,0.14766919508150375,0.7733134920634921,0.8577653283535637
A,C_bursty,25,,logistic_regression,trained,True,train,196944,0.5181880349744188,0.026681767569304623,0.024369424987769454,0.9750030465513039,0.0
A,C_bursty,25,,logistic_regression,trained,True,val,42416,0.4895537958901741,0.024841608940457185,0.025290347844766588,0.9740428140324406,0.0
A,C_bursty,25,,logistic_regression,trained,True,test,40928,0.4779493950257204,0.02361788176536213,0.025051051857060518,0.9742963252541048,0.0
A,C_bursty,25,,hist_gradient_boosting,trained,False,train,196944,0.7730359026183219,0.27082907742063217,0.022642149894142708,0.9751198310179543,0.009300444803881924
A,C_bursty,25,,hist_gradient_boosting,trained,False,val,42416,0.4673141587477877,0.023472493991674982,0.025482743499746115,0.9740428140324406,0.0
A,C_bursty,25,,hist_gradient_boosting,trained,False,test,40928,0.5020193660232652,0.025423207967663276,0.025227795659460685,0.9742963252541048,0.0
A,C_bursty,50,,logistic_regression,trained,False,train,196944,0.5153123303998445,0.051588893286710125,0.0467405041347518,0.9508337395401738,0.0
A,C_bursty,50,,logistic_regression,trained,False,val,42416,0.48037795825177065,0.04922287687185992,0.04923326179128737,0.9481092040739344,0.0
A,C_bursty,50,,logistic_regression,trained,False,test,40928,0.49100490695033305,0.048538774050507216,0.04882905081588863,0.9485437842064113,0.0
A,C_bursty,50,,hist_gradient_boosting,trained,True,train,196944,0.7445195647210721,0.2946314147599475,0.04343200655884962,0.9513262653343082,0.01983640081799591
A,C_bursty,50,,hist_gradient_boosting,trained,True,val,42416,0.4914693133675011,0.0501956754173946,0.049651171232067,0.9481092040739344,0.0
A,C_bursty,50,,hist_gradient_boosting,trained,True,test,40928,0.517992944201022,0.053459891035654225,0.04922948492864524,0.9484460516028147,0.0
A,C_bursty,100,,logistic_regression,trained,True,train,196944,0.5100714009043898,0.09700096055126407,0.08545941646569744,0.9056076854334227,0.0
A,C_bursty,100,,logistic_regression,trained,True,val,42416,0.4986420325416385,0.09754006853413624,0.08865968317583892,0.9017351942663145,0.0
A,C_bursty,100,,logistic_regression,trained,True,test,40928,0.4967751784956135,0.09636215077714273,0.08842027435377846,0.9019986317435497,0.0
A,C_bursty,100,,hist_gradient_boosting,trained,False,train,196944,0.7223118507394765,0.33684927667087095,0.0797821101134539,0.9069684783491754,0.02934943844034753
A,C_bursty,100,,hist_gradient_boosting,trained,False,val,42416,0.4900379389576302,0.09445487697769626,0.08987636025528818,0.9010043379856658,0.00047607712449416806
A,C_bursty,100,,hist_gradient_boosting,trained,False,test,40928,0.5181888577168806,0.10239406448144704,0.08898596250144114,0.9016565676309617,0.0009928021841648052
A,C_bursty,200,,logistic_regression,trained,False,train,196944,0.5128060931885253,0.17973838970619116,0.14457808440940892,0.8244577138679016,0.0
A,C_bursty,200,,logistic_regression,trained,False,val,42416,0.5115000252845308,0.18435326505373612,0.14630160598643235,0.8218596755941154,0.0
A,C_bursty,200,,logistic_regression,trained,False,test,40928,0.5027197280874512,0.1775481002820577,0.14609534191793644,0.8222976935105551,0.0
A,C_bursty,200,,hist_gradient_boosting,trained,True,train,196944,0.7231527404262014,0.44497444367661093,0.13348087268094705,0.8280932650905841,0.041829399445293486
A,C_bursty,200,,hist_gradient_boosting,trained,True,val,42416,0.5138303991129003,0.186528455027191,0.14756060450162214,0.8212466993587325,0.0047256497768443165
A,C_bursty,200,,hist_gradient_boosting,trained,True,test,40928,0.5116902013812278,0.18093755300069325,0.1473932813288417,0.821418100078186,0.0030009548492702224
A,C_bursty,500,,logistic_regression,trained,True,train,196944,0.5502041375132696,0.3784865577278621,0.22536627764607745,0.6473769193273214,0.0
A,C_bursty,500,,logistic_regression,trained,True,val,42416,0.550934060410222,0.38643101101537153,0.22593722531863605,0.6447566955865711,0.0
A,C_bursty,500,,logistic_regression,trained,True,test,40928,0.5455995900067625,0.3708859671398579,0.22496880488777474,0.6505082095387021,0.0
A,C_bursty,500,,hist_gradient_boosting,trained,False,train,196944,0.7328240717127408,0.6226055097153775,0.20451666508821398,0.6708709074660817,0.1307729442686263
A,C_bursty,500,,hist_gradient_boosting,trained,False,val,42416,0.5363136094966336,0.3691336910425665,0.22881849781068095,0.6377781969068276,0.03456076410707553
A,C_bursty,500,,hist_gradient_boosting,trained,False,test,40928,0.5356024888353244,0.358720106052912,0.22800210757218087,0.6386581313526193,0.027103480034208274
A,D_long_range_reuse,25,structural_null,logistic_regression,structural_null_single_class_training_data,False,,,,,,,
A,D_long_range_reuse,25,structural_null,hist_gradient_boosting,structural_null_single_class_training_data,False,,,,,,,
A,D_long_range_reuse,50,structural_null,logistic_regression,structural_null_single_class_training_data,False,,,,,,,
A,D_long_range_reuse,50,structural_null,hist_gradient_boosting,structural_null_single_class_training_data,False,,,,,,,
A,D_long_range_reuse,100,structural_null,logistic_regression,structural_null_single_class_training_data,False,,,,,,,
A,D_long_range_reuse,100,structural_null,hist_gradient_boosting,structural_null_single_class_training_data,False,,,,,,,
A,D_long_range_reuse,200,redundant_with_H500,logistic_regression,trained,True,train,4444160,1.0,1.0,5.516378744831138e-07,1.0,1.0
A,D_long_range_reuse,200,redundant_with_H500,logistic_regression,trained,True,val,952320,1.0,1.0,5.516378744831147e-07,1.0,1.0
A,D_long_range_reuse,200,redundant_with_H500,logistic_regression,trained,True,test,952320,1.0,1.0,5.516378744831147e-07,1.0,1.0
A,D_long_range_reuse,200,redundant_with_H500,hist_gradient_boosting,trained,False,train,4444160,1.0,1.0,1.3992624968581583e-10,1.0,1.0
A,D_long_range_reuse,200,redundant_with_H500,hist_gradient_boosting,trained,False,val,952320,1.0,1.0,1.3992624968581514e-10,1.0,1.0
A,D_long_range_reuse,200,redundant_with_H500,hist_gradient_boosting,trained,False,test,952320,1.0,1.0,1.3992624968581514e-10,1.0,1.0
A,D_long_range_reuse,500,redundant_with_H200,logistic_regression,trained,True,train,4444160,1.0,1.0,5.516378744831138e-07,1.0,1.0
A,D_long_range_reuse,500,redundant_with_H200,logistic_regression,trained,True,val,952320,1.0,1.0,5.516378744831147e-07,1.0,1.0
A,D_long_range_reuse,500,redundant_with_H200,logistic_regression,trained,True,test,952320,1.0,1.0,5.516378744831147e-07,1.0,1.0
A,D_long_range_reuse,500,redundant_with_H200,hist_gradient_boosting,trained,False,train,4444160,1.0,1.0,1.3992624968581583e-10,1.0,1.0
A,D_long_range_reuse,500,redundant_with_H200,hist_gradient_boosting,trained,False,val,952320,1.0,1.0,1.3992624968581514e-10,1.0,1.0
A,D_long_range_reuse,500,redundant_with_H200,hist_gradient_boosting,trained,False,test,952320,1.0,1.0,1.3992624968581514e-10,1.0,1.0
A,E_phase_changing,25,,logistic_regression,trained,False,train,2289936,0.5889851533880947,0.5443673875745275,0.24147791709752878,0.5609200431802461,0.5912210495759812
A,E_phase_changing,25,,logistic_regression,trained,False,val,495728,0.5895541396600317,0.5450796171099609,0.24137853356304728,0.562005777361779,0.5928800987020975
A,E_phase_changing,25,,logistic_regression,trained,False,test,493216,0.5875119503072339,0.5430956141313842,0.24161391360419907,0.5620559754752482,0.5927790252004517
A,E_phase_changing,25,,hist_gradient_boosting,trained,True,train,2289936,0.6074561456360786,0.5709197319875098,0.2343203716708257,0.5773253051613669,0.6632090926425701
A,E_phase_changing,25,,hist_gradient_boosting,trained,True,val,495728,0.5907511862051317,0.545559744565667,0.23577997133736633,0.5712003356679469,0.6589208981711172
A,E_phase_changing,25,,hist_gradient_boosting,trained,True,test,493216,0.5904854622752364,0.5458149192551912,0.2359347641616278,0.5713115551806917,0.659324759360529
A,E_phase_changing,50,,logistic_regression,trained,False,train,2289936,0.6883858003441823,0.7868897983583096,0.18479967126128788,0.7514498221784365,0.8361158732910141
A,E_phase_changing,50,,logistic_regression,trained,False,val,495728,0.6894779664028188,0.7894308436093941,0.18375251064429476,0.7539315915179292,0.8381129836882736
A,E_phase_changing,50,,logistic_regression,trained,False,test,493216,0.6863592957244082,0.7846775544963329,0.18529051768207955,0.7506346103938234,0.8356163834294535
A,E_phase_changing,50,,hist_gradient_boosting,trained,True,train,2289936,0.6996364161191224,0.7985884222413534,0.1751183817698652,0.7597400102011584,0.8455445188769876
A,E_phase_changing,50,,hist_gradient_boosting,trained,True,val,495728,0.6903986657123095,0.7886176028820042,0.17559617530113603,0.7602213310525127,0.8462812781679713
A,E_phase_changing,50,,hist_gradient_boosting,trained,True,test,493216,0.6884713161897091,0.7848046209354751,0.17730244743406626,0.7563238013365341,0.8434987219203358
A,E_phase_changing,100,,logistic_regression,trained,False,train,2289936,0.8547366455671535,0.9421012184150112,0.10138189804362803,0.865941668238763,0.9185815307897527
A,E_phase_changing,100,,logistic_regression,trained,False,val,495728,0.8564238624941415,0.9433618748277016,0.10021229454120216,0.867965900655198,0.9199757921055366
A,E_phase_changing,100,,logistic_regression,trained,False,test,493216,0.8572408558231056,0.943688901160189,0.10041327394050552,0.8664134983455525,0.9189951448969781
A,E_phase_changing,100,,hist_gradient_boosting,trained,True,train,2289936,0.8615742880428479,0.9466607909924899,0.09748909074590884,0.8690286540759218,0.9213571062217658
A,E_phase_changing,100,,hist_gradient_boosting,trained,True,val,495728,0.8580042539305799,0.9442599254361485,0.09763777449855139,0.8692952586902495,0.9216924694536094
A,E_phase_changing,100,,hist_gradient_boosting,trained,True,test,493216,0.8593415691486109,0.9446035439692676,0.0981460751902704,0.8677881496139622,0.9207463881991617
A,E_phase_changing,200,redundant_with_H500,logistic_regression,trained,True,train,2289936,0.91316364388482,0.976609754804483,0.08326992889578265,0.8840251430607667,0.9302039545179192
A,E_phase_changing,200,redundant_with_H500,logistic_regression,trained,True,val,495728,0.9135011113010705,0.9768940015004766,0.08276639214152354,0.8853181583448988,0.9310837659968313
A,E_phase_changing,200,redundant_with_H500,logistic_regression,trained,True,test,493216,0.9137928744193967,0.976713558115994,0.08292822570983145,0.8841177090767534,0.930334717578615
A,E_phase_changing,200,redundant_with_H500,hist_gradient_boosting,trained,False,train,2289936,0.917267846165523,0.9780431968539618,0.08075796449139525,0.8869164902425221,0.9328054379658072
A,E_phase_changing,200,redundant_with_H500,hist_gradient_boosting,trained,False,val,495728,0.9132286458834648,0.976962935571553,0.08170870739672949,0.8865486718523061,0.9326986246782479
A,E_phase_changing,200,redundant_with_H500,hist_gradient_boosting,trained,False,test,493216,0.9139102247525068,0.976969410610296,0.08201138794540566,0.8848638324790761,0.9316709201630166
A,E_phase_changing,500,redundant_with_H200,logistic_regression,trained,True,train,2289936,0.9135836200609779,0.9769137606331655,0.0831839799958826,0.8841076781185151,0.9302579331187175
A,E_phase_changing,500,redundant_with_H200,logistic_regression,trained,True,val,495728,0.914002011080274,0.9772141491520774,0.08266006350365086,0.8854452441661557,0.9311663943447547
A,E_phase_changing,500,redundant_with_H200,logistic_regression,trained,True,test,493216,0.9142847505563589,0.9770300985755885,0.082822301285329,0.8842292220852527,0.9304089661526761
A,E_phase_changing,500,redundant_with_H200,hist_gradient_boosting,trained,False,train,2289936,0.9179318218755944,0.9784342538461939,0.08065727533931939,0.8867841721340683,0.9327450510903309
A,E_phase_changing,500,redundant_with_H200,hist_gradient_boosting,trained,False,val,495728,0.91365830262951,0.9773395332221799,0.08163010251574543,0.8865809476164348,0.932734513983684
A,E_phase_changing,500,redundant_with_H200,hist_gradient_boosting,trained,False,test,493216,0.9142341283310943,0.9772939078268672,0.08203923509380122,0.8847888146369948,0.9316429322420069
A,F_non_stationary,25,,logistic_regression,trained,False,train,1832928,0.7847427300884827,0.7277223446265502,0.18151791633082479,0.7400716231079453,0.6596539604526231
A,F_non_stationary,25,,logistic_regression,trained,False,val,390128,0.7874069399904021,0.7318213900789771,0.1802474388069152,0.7419513595537874,0.659473135883316
A,F_non_stationary,25,,logistic_regression,trained,False,test,392816,0.7866835771191067,0.7296562930323334,0.18071039721397333,0.7420420756791984,0.6613596412076491
A,F_non_stationary,25,,hist_gradient_boosting,trained,True,train,1832928,0.8126018658437095,0.7815905036920898,0.1670866184883789,0.7601280574032367,0.6721097770154374
A,F_non_stationary,25,,hist_gradient_boosting,trained,True,val,390128,0.809431349722079,0.7769446954248512,0.16800488959371432,0.7585023376942952,0.6674596479586614
A,F_non_stationary,25,,hist_gradient_boosting,trained,True,test,392816,0.8094920488253462,0.7759490021889843,0.16811110051537387,0.7595006313388457,0.669442539433722
A,F_non_stationary,50,,logistic_regression,trained,False,train,1832928,0.7822614848398584,0.8225556958083834,0.18822694497507955,0.7170423497267759,0.7511440184520808
A,F_non_stationary,50,,logistic_regression,trained,False,val,390128,0.7853497321781752,0.8242905413193594,0.18728097111013742,0.7191024484271828,0.7512077952741605
A,F_non_stationary,50,,logistic_regression,trained,False,test,392816,0.7824697961251726,0.8242079050467314,0.1880169902954398,0.7178449961305039,0.7515584336984809
A,F_non_stationary,50,,hist_gradient_boosting,trained,True,train,1832928,0.8128480327569663,0.8641932921217673,0.17340878705546248,0.7352449196040434,0.7501666749896906
A,F_non_stationary,50,,hist_gradient_boosting,trained,True,val,390128,0.8090809512248008,0.8597620258785185,0.1750174514432391,0.7349075175327072,0.747432071389148
A,F_non_stationary,50,,hist_gradient_boosting,trained,True,test,392816,0.8073609661271419,0.8607021247196452,0.17564290751914294,0.7323657895808725,0.7469168345767102
A,F_non_stationary,100,,logistic_regression,trained,False,train,1832928,0.7813222793392488,0.8965049529734896,0.16492274913750893,0.7418594729307425,0.8329801635417935
A,F_non_stationary,100,,logistic_regression,trained,False,val,390128,0.7823313755673126,0.8964742964881152,0.16566078383281221,0.7401878357872288,0.8309466387802006
A,F_non_stationary,100,,logistic_regression,trained,False,test,392816,0.7771353682128074,0.8945724520347094,0.16634350176847926,0.7377703555863305,0.8299266264686264
A,F_non_stationary,100,,hist_gradient_boosting,trained,True,train,1832928,0.816879434532476,0.9244152025526483,0.1519501929990258,0.756972996211526,0.8411001856710466
A,F_non_stationary,100,,hist_gradient_boosting,trained,True,val,390128,0.8091296997369948,0.919753872755729,0.15565785008776606,0.7505100889964319,0.8362618451222404
A,F_non_stationary,100,,hist_gradient_boosting,trained,True,test,392816,0.8058802664214172,0.9185655571658187,0.1563071337215965,0.7508731823550976,0.8370534041770249
A,F_non_stationary,200,,logistic_regression,trained,False,train,1832928,0.7804999644103109,0.9467563764066285,0.11483087141840724,0.8442688419839732,0.9139816960532303
A,F_non_stationary,200,,logistic_regression,trained,False,val,390128,0.7786857156399828,0.9467897815618451,0.11585317101345452,0.8416263380223926,0.9124501929932949
A,F_non_stationary,200,,logistic_regression,trained,False,test,392816,0.7755560074303316,0.9467057819435003,0.11399894095796122,0.8466228463199055,0.9155818225381359
A,F_non_stationary,200,,hist_gradient_boosting,trained,True,train,1832928,0.8308816650208877,0.9648082197012348,0.10415935026961519,0.8559326934827772,0.9204628045803352
A,F_non_stationary,200,,hist_gradient_boosting,trained,True,val,390128,0.817780642701827,0.96141122426497,0.10763120928825667,0.8509309765000205,0.9175905772457262
A,F_non_stationary,200,,hist_gradient_boosting,trained,True,test,392816,0.8144746387508989,0.9612472348352934,0.10649240421272477,0.8529107775650686,0.918929309568275
A,F_non_stationary,500,,logistic_regression,trained,False,train,1832928,0.8262607541896396,0.9818771254754916,0.0498620444237019,0.9376838588313343,0.9676604118150867
A,F_non_stationary,500,,logistic_regression,trained,False,val,390128,0.8279664126287146,0.981932909080073,0.04991937828100843,0.9369104499036214,0.9672561438798004
A,F_non_stationary,500,,logistic_regression,trained,False,test,392816,0.8241704775002503,0.9817585966191177,0.0493576664746166,0.9384011852877683,0.9680672623784393
A,F_non_stationary,500,,hist_gradient_boosting,trained,True,train,1832928,0.899754717091477,0.9919516378531379,0.04299534703833295,0.9452308001187172,0.9714048396542648
A,F_non_stationary,500,,hist_gradient_boosting,trained,True,val,390128,0.8801072843938016,0.9900896046327675,0.045865910268845664,0.942565004306279,0.9699947373284108
A,F_non_stationary,500,,hist_gradient_boosting,trained,True,test,392816,0.8735859928349055,0.9895652588491498,0.04583816851586743,0.942884200236243,0.9701972327899513
B,A_uniform_random,25,,logistic_regression,trained,False,train,10252944,0.8669003178083162,0.5780160011884177,0.11652524533105121,0.8060349300649647,0.514984129229411
B,A_uniform_random,25,,logistic_regression,trained,False,val,2284464,0.8728713135691734,0.6016753188172004,0.11407969724768217,0.8157659739877713,0.5355328268671343
B,A_uniform_random,25,,logistic_regression,trained,False,test,4753920,0.49806716313170035,0.32228558551112596,0.2831318428775616,0.5041050333198708,0.38605277282745504
B,A_uniform_random,25,,hist_gradient_boosting,trained,True,train,10252944,0.8957385843757613,0.6604794493552133,0.10469739270086252,0.8285004775213831,0.612412626834503
B,A_uniform_random,25,,hist_gradient_boosting,trained,True,val,2284464,0.8993383088596685,0.6807158146119775,0.10301338168738555,0.8343024884611883,0.6173233154461748
B,A_uniform_random,25,,hist_gradient_boosting,trained,True,test,4753920,0.49882403562713773,0.32386062001738497,0.24780948613044768,0.5577613842891761,0.3269429688542964
B,A_uniform_random,50,,logistic_regression,trained,False,train,10252944,0.8912689068993053,0.712211042398506,0.11814278203571575,0.8248290442237859,0.716975233059735
B,A_uniform_random,50,,logistic_regression,trained,False,val,2284464,0.8939207908663344,0.7261675114549566,0.11714083759734126,0.8293091946294623,0.7194849198784238
B,A_uniform_random,50,,logistic_regression,trained,False,test,4753920,0.49371359542649895,0.5311844754993534,0.30149261502373514,0.5226760231556273,0.6488660985166761
B,A_uniform_random,50,,hist_gradient_boosting,trained,True,train,10252944,0.9296459863293821,0.8169171536466786,0.09742492555778585,0.8594972331849272,0.771264831567129
B,A_uniform_random,50,,hist_gradient_boosting,trained,True,val,2284464,0.9291309228455125,0.8219938340497962,0.09828218160296871,0.857700537193845,0.7651676156434525
B,A_uniform_random,50,,hist_gradient_boosting,trained,True,test,4753920,0.5022473570661662,0.5400012080843397,0.2839144206428522,0.5237837405761981,0.648190411247991
B,A_uniform_random,100,,logistic_regression,trained,False,train,10252944,0.9066712068218793,0.7857191970349522,0.10976729174564848,0.8466427788935549,0.788596016761595
B,A_uniform_random,100,,logistic_regression,trained,False,val,2284464,0.9082861564670751,0.7989625626926005,0.11013585917974276,0.8485329600291359,0.7905630787537928
B,A_uniform_random,100,,logistic_regression,trained,False,test,4753920,0.4738301214621264,0.757755362121531,0.20356599221425492,0.7309226911685515,0.841507662860884
B,A_uniform_random,100,,hist_gradient_boosting,trained,True,train,10252944,0.9573879892693976,0.9149202533588199,0.07865839429531118,0.8840156544305714,0.839709104848931
B,A_uniform_random,100,,hist_gradient_boosting,trained,True,val,2284464,0.9553860403397902,0.9136542424773137,0.08112396769776713,0.8807497075900518,0.8369592474425291
B,A_uniform_random,100,,hist_gradient_boosting,trained,True,test,4753920,0.5244278742926481,0.7873640547605734,0.19550330380325165,0.7434916868605277,0.8501271206959572
B,A_uniform_random,200,,logistic_regression,trained,False,train,10252944,0.8183795405166052,0.9534898324247241,0.09728755516340276,0.859619539519576,0.9231443517375665
B,A_uniform_random,200,,logistic_regression,trained,False,val,2284464,0.8103226002810954,0.9484856770315586,0.09776842090003553,0.8599588349827355,0.9232859848053404
B,A_uniform_random,200,,logistic_regression,trained,False,test,4753920,0.4637559767095364,0.9178628935107529,0.07207010644808215,0.9300652934841142,0.9637537438532776
B,A_uniform_random,200,,hist_gradient_boosting,trained,True,train,10252944,0.961956738555466,0.9929053826557195,0.04947194767210933,0.9322788654653726,0.9610036702011778
B,A_uniform_random,200,,hist_gradient_boosting,trained,True,val,2284464,0.956404866549237,0.9918882955393523,0.05243345364788965,0.9280233787881972,0.9586709805072852
B,A_uniform_random,200,,hist_gradient_boosting,trained,True,test,4753920,0.6566854290553994,0.9536298386091425,0.07156423459559556,0.9123840956515886,0.9540054459926547
B,A_uniform_random,500,,logistic_regression,trained,False,train,10252944,0.8479552357205501,0.9718148781151512,0.08143972483153902,0.8947226279593451,0.942632790450985
B,A_uniform_random,500,,logistic_regression,trained,False,val,2284464,0.851948446658392,0.9729708658066402,0.07786882881843958,0.8992941013734512,0.9452490375226354
B,A_uniform_random,500,,logistic_regression,trained,False,test,4753920,0.4074163243164105,0.9521213043252641,0.040979570787519695,0.965803799811524,0.9825930401713734
B,A_uniform_random,500,,hist_gradient_boosting,trained,True,train,10252944,0.9730580238864408,0.995887919091845,0.0386092333868514,0.9463314146649001,0.9695891973703706
B,A_uniform_random,500,,hist_gradient_boosting,trained,True,val,2284464,0.9715162586864544,0.9958483388130481,0.03783687861055799,0.947977293579588,0.9707119198769765
B,A_uniform_random,500,,hist_gradient_boosting,trained,True,test,4753920,0.9193199184632996,0.9969461204974154,0.03532368056147742,0.9493474858642973,0.9739495118305683
B,B_temporal_locality,25,,logistic_regression,trained,False,train,14233680,0.789093095246927,0.48716788781128817,0.14893192225522492,0.7632336121087449,0.3268237424650978
B,B_temporal_locality,25,,logistic_regression,trained,False,val,3044080,0.8020408762872279,0.5063066415211258,0.1445470921117029,0.7723085464245355,0.3402919953970606
B,B_temporal_locality,25,,logistic_regression,trained,False,test,13568,0.771526437088589,0.5749142535103199,0.24879716504360208,0.6546285377358491,0.13669859985261607
B,B_temporal_locality,25,,hist_gradient_boosting,trained,True,train,14233680,0.8218002141013864,0.5716648909790806,0.13834876202792853,0.7799073043654207,0.40587545746142173
B,B_temporal_locality,25,,hist_gradient_boosting,trained,True,val,3044080,0.832319486702725,0.5940120548110317,0.13365498611210372,0.789472024388321,0.42694758453199133
B,B_temporal_locality,25,,hist_gradient_boosting,trained,True,test,13568,0.7591649394564887,0.6297470090007504,0.28755076940882485,0.6573555424528302,0.10682036503362152
B,B_temporal_locality,50,,logistic_regression,trained,False,train,14233680,0.8194189711569809,0.6443508788752479,0.159381618706028,0.7375683589907881,0.6701336749828946
B,B_temporal_locality,50,,logistic_regression,trained,False,val,3044080,0.8289979877768117,0.6507010721744421,0.15529031213802094,0.7493117789282805,0.6723586663958917
B,B_temporal_locality,50,,logistic_regression,trained,False,test,13568,0.741672159736492,0.6526325722123086,0.335071837311085,0.5810731132075472,0.22136986301369863
B,B_temporal_locality,50,,hist_gradient_boosting,trained,True,train,14233680,0.8614310408843288,0.7430036978233907,0.1420583928453149,0.7685218439644561,0.7261638625520925
B,B_temporal_locality,50,,hist_gradient_boosting,trained,True,val,3044080,0.868324831723416,0.751755704595327,0.13825906792889553,0.7761087093637487,0.7257752947779885
B,B_temporal_locality,50,,hist_gradient_boosting,trained,True,test,13568,0.724255348562137,0.6973295757174489,0.3094208720670334,0.5801886792452831,0.17901412510810033
B,B_temporal_locality,100,,logistic_regression,trained,False,train,14233680,0.8592029120221736,0.7657568164621912,0.1320982669222343,0.8153903979856229,0.8217577732206262
B,B_temporal_locality,100,,logistic_regression,trained,False,val,3044080,0.8666742501972952,0.7690637350826497,0.1304445493533727,0.8178973614359675,0.8186964696940013
B,B_temporal_locality,100,,logistic_regression,trained,False,test,13568,0.7274387976073444,0.7437842911619923,0.42752368688080183,0.4972729952830189,0.24571491761583544
B,B_temporal_locality,100,,hist_gradient_boosting,trained,True,train,14233680,0.9160589869609999,0.8818454678556644,0.10708410742629719,0.8487972892463509,0.8506380793638687
B,B_temporal_locality,100,,hist_gradient_boosting,trained,True,val,3044080,0.9191307601345768,0.8832433584887592,0.10625066775285444,0.8501077501248324,0.8483981404447941
B,B_temporal_locality,100,,hist_gradient_boosting,trained,True,test,13568,0.7450153287302352,0.8002403353656161,0.2770556591431347,0.5905070754716981,0.46412037037037035
B,B_temporal_locality,200,,logistic_regression,trained,False,train,14233680,0.7701688176086033,0.9493038893768613,0.08951594185041967,0.8802825411278039,0.9355482146270703
B,B_temporal_locality,200,,logistic_regression,trained,False,val,3044080,0.7669003715983027,0.9452658395190652,0.09081689408567245,0.8783602927649733,0.9343725325296229
B,B_temporal_locality,200,,logistic_regression,trained,False,test,13568,0.7659061207844232,0.8331152381292647,0.5111180076387096,0.4061762971698113,0.2075341792072391
B,B_temporal_locality,200,,hist_gradient_boosting,trained,True,train,14233680,0.9318416009251704,0.9884240653017494,0.05300420522837274,0.9307788990619432,0.9613357951798723
B,B_temporal_locality,200,,hist_gradient_boosting,trained,True,val,3044080,0.9296060383861398,0.9879272447663043,0.05501428976432805,0.927832711361068,0.9596492649150852
B,B_temporal_locality,200,,hist_gradient_boosting,trained,True,test,13568,0.7092531748814255,0.830666917576437,0.34092600045073107,0.43978478773584906,0.2805489824893516
B,B_temporal_locality,500,,logistic_regression,trained,False,train,14233680,0.8195527317479766,0.972204757477244,0.06893904073353238,0.9132684590351898,0.9537420220558079
B,B_temporal_locality,500,,logistic_regression,trained,False,val,3044080,0.8245091643104336,0.9727946743550956,0.06747460852948046,0.9147092060655436,0.9544980718393202
B,B_temporal_locality,500,,logistic_regression,trained,False,test,13568,0.7600503181405014,0.8866121871847195,0.5795873276465201,0.33748525943396224,0.2375095427941301
B,B_temporal_locality,500,,hist_gradient_boosting,trained,True,train,14233680,0.9702696717191165,0.9964856415718053,0.03543992663280695,0.9510794819048903,0.9731173291361015
B,B_temporal_locality,500,,hist_gradient_boosting,trained,True,val,3044080,0.9694135775038681,0.9964350912988652,0.03505168514600202,0.9520308270479094,0.973680766963885
B,B_temporal_locality,500,,hist_gradient_boosting,trained,True,test,13568,0.7288524365194603,0.8933317289837978,0.23627387318706364,0.6000884433962265,0.6614674319940105
B,C_bursty,25,,logistic_regression,trained,False,train,14014272,0.7895746807531417,0.5018627371991206,0.14954749011605173,0.7621861485205939,0.337197837055245
B,C_bursty,25,,logistic_regression,trained,False,val,2996768,0.8030751810107155,0.5239517120899866,0.1448381456549162,0.7721798951403646,0.3559146784403626
B,C_bursty,25,,logistic_regression,trained,False,test,280288,0.49824226648462394,0.02522147843933929,0.3330012401320061,0.5143994748258933,0.04802271741715277
B,C_bursty,25,,hist_gradient_boosting,trained,True,train,14014272,0.8189166264299176,0.572833334898725,0.14016011995356062,0.7767530129285346,0.4092852274293526
B,C_bursty,25,,hist_gradient_boosting,trained,True,val,2996768,0.8297266893199515,0.5952972804950073,0.13537687416869204,0.7864899785368771,0.42977632730468074
B,C_bursty,25,,hist_gradient_boosting,trained,True,test,280288,0.49975945819002043,0.02532820044959069,0.14941263378474878,0.824295010845987,0.04435906391896612
B,C_bursty,50,,logistic_regression,trained,False,train,14014272,0.8213157450537442,0.6580839489910643,0.1591663716509696,0.7359217803108146,0.6736981523812446
B,C_bursty,50,,logistic_regression,trained,False,val,2996768,0.8314488795504671,0.6674057889692997,0.15485137799876686,0.7480592424905765,0.6779495456790671
B,C_bursty,50,,logistic_regression,trained,False,test,280288,0.49977779559905616,0.04962563242108659,0.44069826289416814,0.4040272862198881,0.09289166440401846
B,C_bursty,50,,hist_gradient_boosting,trained,True,train,14014272,0.8591268324018816,0.744313145572627,0.1434603579640789,0.7657644292903691,0.7268893185072566
B,C_bursty,50,,hist_gradient_boosting,trained,True,val,2996768,0.8661264463528673,0.7529568902676796,0.13963419494079163,0.7734946448974361,0.7265525798446615
B,C_bursty,50,,hist_gradient_boosting,trained,True,test,280288,0.4998681945212416,0.04993814342431975,0.2279884582288654,0.6966191916885489,0.0846519838963164
B,C_bursty,100,,logistic_regression,trained,False,train,14014272,0.8622620090840418,0.7786595708585643,0.13003675063025433,0.823877829686765,0.8295658466590894
B,C_bursty,100,,logistic_regression,trained,False,val,2996768,0.8698622443097143,0.7823269162955881,0.12821277678764043,0.8276252949844632,0.8284425031459198
B,C_bursty,100,,logistic_regression,trained,False,test,280288,0.49757787484897936,0.09435728928693475,0.5461261759777957,0.2330317387829661,0.17088221908530613
B,C_bursty,100,,hist_gradient_boosting,trained,True,train,14014272,0.9150189805582316,0.8834267197103624,0.10718557810071407,0.8482494845254894,0.852250463064891
B,C_bursty,100,,hist_gradient_boosting,trained,True,val,2996768,0.9182481149583368,0.8848730376958815,0.10631587291527451,0.8495228859891724,0.8500490309691505
B,C_bursty,100,,hist_gradient_boosting,trained,True,test,280288,0.5016066485160374,0.09610466640060839,0.31931766451219623,0.5069892396392283,0.15993385736779073
B,C_bursty,200,,logistic_regression,trained,False,train,14014272,0.7548114252727217,0.9512284248862505,0.08620060410438134,0.884641100158467,0.938652755122048
B,C_bursty,200,,logistic_regression,trained,False,val,2996768,0.7503018515424302,0.9468227527479965,0.0875098698965898,0.8826629221881708,0.9374931117136066
B,C_bursty,200,,logistic_regression,trained,False,test,280288,0.5082490497877006,0.17892671144867653,0.49157975086467587,0.3176018951935152,0.29231292919725316
B,C_bursty,200,,hist_gradient_boosting,trained,True,train,14014272,0.9267861569567799,0.9888081701980618,0.051327088181607305,0.9327238689244792,0.9629588421539381
B,C_bursty,200,,hist_gradient_boosting,trained,True,val,2996768,0.9244506912225628,0.9883284883655323,0.0533226757291094,0.9297506513684075,0.9612911328026672
B,C_bursty,200,,hist_gradient_boosting,trained,True,test,280288,0.5035437307966315,0.17750710640987058,0.40663983124030206,0.3229463979906382,0.28890471015850416
B,C_bursty,500,,logistic_regression,trained,False,train,14014272,0.823534812335646,0.9755116370732395,0.06263293581188283,0.9225528803779461,0.9590016229519746
B,C_bursty,500,,logistic_regression,trained,False,val,2996768,0.8252719151034946,0.9753411939127831,0.061043040941297165,0.9243017811188587,0.9599353172165633
B,C_bursty,500,,logistic_regression,trained,False,test,280288,0.5097005458177525,0.3494937492255443,0.5893249089377557,0.3694913802945542,0.5233672082335427
B,C_bursty,500,,hist_gradient_boosting,trained,True,train,14014272,0.9707744563047881,0.9968642110146793,0.03221514990186547,0.9562187033332876,0.9762398384428441
B,C_bursty,500,,hist_gradient_boosting,trained,True,val,2996768,0.9696822106491605,0.9968007825292352,0.03181846371653402,0.9571221395850463,0.9767687573368836
B,C_bursty,500,,hist_gradient_boosting,trained,True,test,280288,0.5162171812206602,0.3639856140611115,0.4454451279122266,0.3618956216463067,0.5237051575328421
B,D_long_range_reuse,25,structural_null,logistic_regression,trained,False,train,9038208,0.6316997191966817,0.515777360103957,0.22391726621688487,0.6342313653325969,0.2850040865955988
B,D_long_range_reuse,25,structural_null,logistic_regression,trained,False,val,1904320,0.6460205355392893,0.5337370254644915,0.22103769504976303,0.6420717106368677,0.30626631003415694
B,D_long_range_reuse,25,structural_null,logistic_regression,trained,False,test,6348800,,,0.08024658405614674,1.0,0.0
B,D_long_range_reuse,25,structural_null,hist_gradient_boosting,trained,True,train,9038208,0.6735425508861682,0.5799525263323877,0.21263342674789806,0.6531904333248361,0.40584649999478734
B,D_long_range_reuse,25,structural_null,hist_gradient_boosting,trained,True,val,1904320,0.6853503933337508,0.6012640046260967,0.20881869245685422,0.6634635985548647,0.42634707598334737
B,D_long_range_reuse,25,structural_null,hist_gradient_boosting,trained,True,test,6348800,,,0.1068552966567922,1.0,0.0
B,D_long_range_reuse,50,structural_null,logistic_regression,trained,False,train,9038208,0.633535539580444,0.6857558027810681,0.22782642944143902,0.6207544681423575,0.7309171112915273
B,D_long_range_reuse,50,structural_null,logistic_regression,trained,False,val,1904320,0.6439646779115541,0.688156706968109,0.22651633086481418,0.625817089564779,0.7281784057617188
B,D_long_range_reuse,50,structural_null,logistic_regression,trained,False,test,6348800,,,0.22038558139089443,0.8967048891129032,0.0
B,D_long_range_reuse,50,structural_null,hist_gradient_boosting,trained,True,train,9038208,0.697052108036689,0.7533247088489708,0.2116960586254699,0.653252945716673,0.7487586127503497
B,D_long_range_reuse,50,structural_null,hist_gradient_boosting,trained,True,val,1904320,0.7050123538575152,0.7601385975910171,0.21020274542704548,0.6562888590152915,0.7454140091218063
B,D_long_range_reuse,50,structural_null,hist_gradient_boosting,trained,True,test,6348800,,,0.12687960020885378,0.9029737903225806,0.0
B,D_long_range_reuse,100,structural_null,logistic_regression,trained,False,train,9038208,0.6324558445940506,0.8243877041895077,0.1709698055487564,0.7725979530455594,0.8673868260780889
B,D_long_range_reuse,100,structural_null,logistic_regression,trained,False,val,1904320,0.6421603002987333,0.8197218142247041,0.17225441857597779,0.768660729289195,0.8640142682784536
B,D_long_range_reuse,100,structural_null,logistic_regression,trained,False,test,6348800,,,0.4798174832490215,0.0,0.0
B,D_long_range_reuse,100,structural_null,hist_gradient_boosting,trained,True,train,9038208,0.7528051200758256,0.8912322544751183,0.14906995932748945,0.7979305189701321,0.8772181257865694
B,D_long_range_reuse,100,structural_null,hist_gradient_boosting,trained,True,val,1904320,0.7562736417510647,0.891021873327949,0.1516289886038842,0.7914373634683246,0.8719799226664225
B,D_long_range_reuse,100,structural_null,hist_gradient_boosting,trained,True,test,6348800,,,0.30230746638599537,0.2918346774193548,0.0
B,D_long_range_reuse,200,redundant_with_H500,logistic_regression,trained,False,train,9038208,0.6676389296953926,0.9091620770965968,0.11009410312456198,0.868252423489258,0.9282622067485561
B,D_long_range_reuse,200,redundant_with_H500,logistic_regression,trained,False,val,1904320,0.6674885036396289,0.904340691028143,0.11199347309742688,0.8648625231053605,0.9261949071632338
B,D_long_range_reuse,200,redundant_with_H500,logistic_regression,trained,False,test,6348800,0.3467054305909086,0.8847373742377114,0.09033741546593682,0.9034778225806451,0.9492916721832384
B,D_long_range_reuse,200,redundant_with_H500,hist_gradient_boosting,trained,True,train,9038208,0.8510663988132446,0.9646119830627179,0.08340069011647709,0.8908306823653538,0.9386995909992626
B,D_long_range_reuse,200,redundant_with_H500,hist_gradient_boosting,trained,True,val,1904320,0.8446655020784676,0.9627683423953428,0.08788400403171917,0.8843161863552345,0.9348904911017093
B,D_long_range_reuse,200,redundant_with_H500,hist_gradient_boosting,trained,True,test,6348800,1.0,1.0,0.06769881573027375,0.9268523185483871,0.9610937971247613
B,D_long_range_reuse,500,redundant_with_H200,logistic_regression,trained,False,train,9038208,0.7062208720307194,0.9474091631445763,0.08385796719717428,0.902081142633584,0.9480855630795684
B,D_long_range_reuse,500,redundant_with_H200,logistic_regression,trained,False,val,1904320,0.700011381442967,0.9461950730324148,0.08166421488384544,0.9048694547134936,0.9496178628967553
B,D_long_range_reuse,500,redundant_with_H200,logistic_regression,trained,False,test,6348800,0.9394962328530176,0.993547053968399,0.08875886850183237,0.9034778225806451,0.9492916721832384
B,D_long_range_reuse,500,redundant_with_H200,hist_gradient_boosting,trained,True,train,9038208,0.9282294372022393,0.9908683074748954,0.055797421169394144,0.9229326211567602,0.9578447326689327
B,D_long_range_reuse,500,redundant_with_H200,hist_gradient_boosting,trained,True,val,1904320,0.9235538821908539,0.9904359301664718,0.0561677142137843,0.9227960636867754,0.9578615286857513
B,D_long_range_reuse,500,redundant_with_H200,hist_gradient_boosting,trained,True,test,6348800,0.978861007024482,0.9978936489880578,0.046498233705917984,0.9034778225806451,0.9492916721832384
B,E_phase_changing,25,,logistic_regression,trained,False,train,11630352,0.8324950366047031,0.4860752117041742,0.1158043505736872,0.8320812646083283,0.2752621438198778
B,E_phase_changing,25,,logistic_regression,trained,False,val,2382096,0.8280557196859534,0.5234148757918551,0.12460704603599698,0.8188607847878507,0.3230589900111858
B,E_phase_changing,25,,logistic_regression,trained,False,test,3278880,0.47540811209327755,0.48227252422755057,0.29767331471173575,0.48956747425950325,0.4059509717447748
B,E_phase_changing,25,,hist_gradient_boosting,trained,True,train,11630352,0.8528051371598029,0.5581969805179761,0.10703810538470719,0.8433008734387403,0.32066332825638516
B,E_phase_changing,25,,hist_gradient_boosting,trained,True,val,2382096,0.8495532505483563,0.5976229517602768,0.11443743762128107,0.8323094451273164,0.3788708325623415
B,E_phase_changing,25,,hist_gradient_boosting,trained,True,test,3278880,0.4683308524191363,0.47046238522655104,0.3005426558028945,0.49009234860684137,0.24587467975318442
B,E_phase_changing,50,,logistic_regression,trained,False,train,11630352,0.8574864532176472,0.6269546070094351,0.13257620292511643,0.7783607925194354,0.6429886365399061
B,E_phase_changing,50,,logistic_regression,trained,False,val,2382096,0.8498949604212281,0.6516786005220179,0.14114094756088036,0.7694127356748007,0.6529769016013651
B,E_phase_changing,50,,logistic_regression,trained,False,test,3278880,0.43956834890206686,0.6672146522279045,0.2955964118176289,0.5532078026643245,0.6907955306724887
B,E_phase_changing,50,,hist_gradient_boosting,trained,True,train,11630352,0.8806110781844491,0.7037495385702549,0.12048983310631695,0.7922504839062481,0.6969728893450641
B,E_phase_changing,50,,hist_gradient_boosting,trained,True,val,2382096,0.875544259779128,0.7306045337192972,0.12740447139011316,0.7839902338108959,0.704428664484636
B,E_phase_changing,50,,hist_gradient_boosting,trained,True,test,3278880,0.4199163210837984,0.6419481038359235,0.2901761952222945,0.5832735568242815,0.7223264494585513
B,E_phase_changing,100,,logistic_regression,trained,False,train,11630352,0.9045391530119384,0.7905635413685093,0.10811119707479627,0.8570811098408715,0.8311024118501249
B,E_phase_changing,100,,logistic_regression,trained,False,val,2382096,0.8946506825380504,0.7984887696890903,0.11708627664996303,0.8438173776371733,0.8275374855022681
B,E_phase_changing,100,,logistic_regression,trained,False,test,3278880,0.3522459324681815,0.7511157245156194,0.26187229921136596,0.6517204045283755,0.7870894945392097
B,E_phase_changing,100,,hist_gradient_boosting,trained,True,train,11630352,0.9295232890054429,0.8584807687941292,0.09292618929400495,0.8746649284561636,0.855252312059949
B,E_phase_changing,100,,hist_gradient_boosting,trained,True,val,2382096,0.9235386733637583,0.8695066189085112,0.10009241920760666,0.8621961499452583,0.8522327457370762
B,E_phase_changing,100,,hist_gradient_boosting,trained,True,test,3278880,0.3299868605461393,0.7231452605729225,0.24103271339888158,0.698594337090714,0.8215650238392247
B,E_phase_changing,200,redundant_with_H500,logistic_regression,trained,False,train,11630352,0.8284442491506165,0.9626013976197871,0.07060753539271919,0.8952469366361396,0.9438788044006251
B,E_phase_changing,200,redundant_with_H500,logistic_regression,trained,False,val,2382096,0.803791472845076,0.9530287982362542,0.07715449395209478,0.8895367776949376,0.9404862174752047
B,E_phase_changing,200,redundant_with_H500,logistic_regression,trained,False,test,3278880,0.33797756713929566,0.7598575862777521,0.17537041875233486,0.8170591787439614,0.8993203835097456
B,E_phase_changing,200,redundant_with_H500,hist_gradient_boosting,trained,True,train,11630352,0.9437256541632657,0.9916500762387945,0.041065457204306655,0.9485631217352665,0.971593801557042
B,E_phase_changing,200,redundant_with_H500,hist_gradient_boosting,trained,True,val,2382096,0.9324107406971752,0.9892548297794088,0.04845024536132075,0.9383228047904031,0.9658386255743999
B,E_phase_changing,200,redundant_with_H500,hist_gradient_boosting,trained,True,test,3278880,0.37579957325422547,0.7616267713929913,0.17333915754262996,0.8169231566876495,0.8992377454884708
B,E_phase_changing,500,redundant_with_H200,logistic_regression,trained,False,train,11630352,0.9376869011382953,0.9924013060797778,0.038143206179497804,0.9649478364885259,0.9811211849517595
B,E_phase_changing,500,redundant_with_H200,logistic_regression,trained,False,val,2382096,0.9250373121320619,0.9907030931921226,0.041146591326905235,0.9597358796622806,0.9783142630980264
B,E_phase_changing,500,redundant_with_H200,logistic_regression,trained,False,test,3278880,0.3427699447928214,0.7667953960518148,0.18287327326356015,0.8171515883472406,0.8993763575778143
B,E_phase_changing,500,redundant_with_H200,hist_gradient_boosting,trained,True,train,11630352,0.9881855584615351,0.9989068609293035,0.019202992305877173,0.9734986524913434,0.9856506095208778
B,E_phase_changing,500,redundant_with_H200,hist_gradient_boosting,trained,True,val,2382096,0.9825393993749234,0.9983651627156195,0.022826246851165383,0.9690440687528966,0.9832577730794799
B,E_phase_changing,500,redundant_with_H200,hist_gradient_boosting,trained,True,test,3278880,0.24619063828496549,0.7012890018891236,0.18232287431775873,0.8169451154052604,0.8992490870620898
B,F_non_stationary,25,,logistic_regression,trained,False,train,12139280,0.799023492520398,0.4305365247066447,0.1340050154776474,0.7890837018340462,0.2242928305380626
B,F_non_stationary,25,,logistic_regression,trained,False,val,2536176,0.7795939989357421,0.44881286879145993,0.1490997949958744,0.7590861202061686,0.2558037563031351
B,F_non_stationary,25,,logistic_regression,trained,False,test,2615872,0.6020988762551378,0.4903942688839399,0.27956128839117445,0.5927373357717809,0.03687434173948026
B,F_non_stationary,25,,hist_gradient_boosting,trained,True,train,12139280,0.8285590585310788,0.4762270429222279,0.1273042286182826,0.7950182383139692,0.350090225669954
B,F_non_stationary,25,,hist_gradient_boosting,trained,True,val,2536176,0.8091820268418954,0.48859735735870824,0.1416411261264371,0.7665303985212383,0.390451797802777
B,F_non_stationary,25,,hist_gradient_boosting,trained,True,test,2615872,0.49345952240556673,0.40360096842457827,0.2601663650730629,0.5781823422552785,0.11327862884658502
B,F_non_stationary,50,,logistic_regression,trained,False,train,12139280,0.8382743816736264,0.6273169555267509,0.14510197384837456,0.7497147277268503,0.6394688368352109
B,F_non_stationary,50,,logistic_regression,trained,False,val,2536176,0.8207827065813714,0.646123939828929,0.15664488112358851,0.7305423598362258,0.6570887224323001
B,F_non_stationary,50,,logistic_regression,trained,False,test,2615872,0.62948957440728,0.6647327446433797,0.30167776256026163,0.5234808889731608,0.379366607035365
B,F_non_stationary,50,,hist_gradient_boosting,trained,True,train,12139280,0.8728593240949971,0.694817090706526,0.1306325037660486,0.7849580040990899,0.7250634113388732
B,F_non_stationary,50,,hist_gradient_boosting,trained,True,val,2536176,0.8614989848762403,0.7135683374505414,0.14014360851788923,0.7713502532947241,0.7340636582343613
B,F_non_stationary,50,,hist_gradient_boosting,trained,True,test,2615872,0.48654093533407705,0.5441744265801732,0.26747737941201977,0.5316838897316076,0.6205386251105423
B,F_non_stationary,100,,logistic_regression,trained,False,train,12139280,0.8840076391049763,0.7698566909470658,0.1179417823226126,0.8393573589207927,0.8237864436485767
B,F_non_stationary,100,,logistic_regression,trained,False,val,2536176,0.8641148697514471,0.7728914881614468,0.12735219820503577,0.8199103689964734,0.8195786472358625
B,F_non_stationary,100,,logistic_regression,trained,False,test,2615872,0.6544559578590959,0.812278864682243,0.2863443883263723,0.5966759841460133,0.663788004711233
B,F_non_stationary,100,,hist_gradient_boosting,trained,True,train,12139280,0.9304710724922276,0.8728369935004361,0.09463884220926909,0.8706833518956644,0.8564383404798153
B,F_non_stationary,100,,hist_gradient_boosting,trained,True,val,2536176,0.9231792588430663,0.8829124279703364,0.1004434525748161,0.85784188479033,0.8551493110574714
B,F_non_stationary,100,,hist_gradient_boosting,trained,True,test,2615872,0.5316760030605896,0.7134391928928099,0.21275845672762297,0.7002536821373523,0.8130747412100086
B,F_non_stationary,200,,logistic_regression,trained,False,train,12139280,0.8473014659623469,0.9737417822696993,0.07501664837801494,0.9163914993310971,0.9543151791579916
B,F_non_stationary,200,,logistic_regression,trained,False,val,2536176,0.8227394173017686,0.9672822504086275,0.08376405840991846,0.9048141769340929,0.947855267955424
B,F_non_stationary,200,,logistic_regression,trained,False,test,2615872,0.4384436979560384,0.798922727901215,0.19044509863906942,0.7595780680400265,0.858196209188849
B,F_non_stationary,200,,hist_gradient_boosting,trained,True,train,12139280,0.9546149025575282,0.9929041482252716,0.04082593169392392,0.9473154091511193,0.9705310355743173
B,F_non_stationary,200,,hist_gradient_boosting,trained,True,val,2536176,0.9481334691768357,0.9912029630072949,0.0469641609051981,0.9384995363097829,0.9653698491935706
B,F_non_stationary,200,,hist_gradient_boosting,trained,True,test,2615872,0.5653495862602732,0.8467046169941561,0.14632759728573466,0.8136613718102415,0.8946044450364163
B,F_non_stationary,500,,logistic_regression,trained,False,train,12139280,0.8660440758428688,0.9805751753236958,0.06452219255798596,0.937908838085949,0.966239136501043
B,F_non_stationary,500,,logistic_regression,trained,False,val,2536176,0.8355707409306462,0.9738612618357536,0.07477305664998135,0.9239721533521333,0.9585737439779175
B,F_non_stationary,500,,logistic_regression,trained,False,test,2615872,0.6024962925968944,0.9440774853370664,0.11659643651303322,0.8449874458689111,0.9140546859020757
B,F_non_stationary,500,,hist_gradient_boosting,trained,True,train,12139280,0.9805435499660244,0.9976574635775934,0.03122436891743566,0.9558801675222913,0.9755568958006592
B,F_non_stationary,500,,hist_gradient_boosting,trained,True,val,2536176,0.9732677877746179,0.9964485135640416,0.03818535360893275,0.9460163647948723,0.9698833847844575
B,F_non_stationary,500,,hist_gradient_boosting,trained,True,test,2615872,0.7314007272028816,0.9699089446017897,0.06889909930445136,0.915570027891273,0.9553997920011309
